tc,beta,r_squared,slope,intercept,fit_points,is_valid
2.10000000,0.00000000,-inf,0.00000000,0.00000000,0 ,false
2.10050000,0.00000000,-inf,0.00000000,0.00000000,1 ,false
2.10100000,0.00000000,-inf,0.00000000,0.00000000,1 ,false
2.10150000,0.00000000,-inf,0.00000000,0.00000000,1 ,false
2.10200000,0.00000000,-inf,0.00000000,0.00000000,1 ,false
2.10250000,0.00000000,-inf,0.00000000,0.00000000,1 ,false
2.10300000,0.00000000,-inf,0.00000000,0.00000000,1 ,false
2.10350000,0.00000000,-inf,0.00000000,0.00000000,1 ,false
2.10400000,0.00000000,-inf,0.00000000,0.00000000,1 ,false
2.10450000,0.00000000,-inf,0.00000000,0.00000000,1 ,false
2.10500000,0.00000000,-inf,0.00000000,0.00000000,1 ,false
2.10550000,0.00000000,-inf,0.00000000,0.00000000,1 ,false
2.10600000,0.00000000,-inf,0.00000000,0.00000000,1 ,false
2.10650000,0.00000000,-inf,0.00000000,0.00000000,1 ,false
2.10700000,0.00000000,-inf,0.00000000,0.00000000,1 ,false
2.10750000,0.00000000,-inf,0.00000000,0.00000000,1 ,false
2.10800000,0.00000000,-inf,0.00000000,0.00000000,1 ,false
2.10850000,0.00000000,-inf,0.00000000,0.00000000,1 ,false
2.10900000,0.00000000,-inf,0.00000000,0.00000000,1 ,false
2.10950000,0.00000000,-inf,0.00000000,0.00000000,1 ,false
2.11000000,0.00000000,-inf,0.00000000,0.00000000,1 ,false
2.11050000,0.00000000,-inf,0.00000000,0.00000000,1 ,false
2.11100000,0.00000000,-inf,0.00000000,0.00000000,1 ,false
2.11150000,0.00000000,-inf,0.00000000,0.00000000,1 ,false
2.11200000,0.00000000,-inf,0.00000000,0.00000000,1 ,false
2.11250000,0.00000000,-inf,0.00000000,0.00000000,1 ,false
2.11300000,0.00000000,-inf,0.00000000,0.00000000,1 ,false
2.11350000,0.00000000,-inf,0.00000000,0.00000000,1 ,false
2.11400000,0.00000000,-inf,0.00000000,0.00000000,1 ,false
2.11450000,0.00000000,-inf,0.00000000,0.00000000,1 ,false
2.11500000,0.00000000,-inf,0.00000000,0.00000000,1 ,false
2.11550000,0.00000000,-inf,0.00000000,0.00000000,1 ,false
2.11600000,0.00000000,-inf,0.00000000,0.00000000,1 ,false
2.11650000,0.00000000,-inf,0.00000000,0.00000000,1 ,false
2.11700000,0.00000000,-inf,0.00000000,0.00000000,1 ,false
2.11750000,0.00000000,-inf,0.00000000,0.00000000,1 ,false
2.11800000,0.00000000,-inf,0.00000000,0.00000000,1 ,false
2.11850000,0.00000000,-inf,0.00000000,0.00000000,1 ,false
2.11900000,0.00000000,-inf,0.00000000,0.00000000,1 ,false
2.11950000,0.00000000,-inf,0.00000000,0.00000000,1 ,false
2.12000000,0.00000000,-inf,0.00000000,0.00000000,1 ,false
2.12050000,0.00000000,-inf,0.00000000,0.00000000,1 ,false
2.12100000,0.00000000,-inf,0.00000000,0.00000000,1 ,false
2.12150000,0.00000000,-inf,0.00000000,0.00000000,1 ,false
2.12200000,0.00000000,-inf,0.00000000,0.00000000,1 ,false
2.12250000,0.00000000,-inf,0.00000000,0.00000000,1 ,false
2.12300000,0.00000000,-inf,0.00000000,0.00000000,1 ,false
2.12350000,0.00000000,-inf,0.00000000,0.00000000,1 ,false
2.12400000,0.00000000,-inf,0.00000000,0.00000000,1 ,false
2.12450000,0.00000000,-inf,0.00000000,0.00000000,1 ,false
2.12500000,0.00000000,-inf,0.00000000,0.00000000,1 ,false
2.12550000,0.00000000,-inf,0.00000000,0.00000000,1 ,false
2.12600000,0.00000000,-inf,0.00000000,0.00000000,1 ,false
2.12650000,0.00000000,-inf,0.00000000,0.00000000,1 ,false
2.12700000,0.00000000,-inf,0.00000000,0.00000000,1 ,false
2.12750000,0.00000000,-inf,0.00000000,0.00000000,1 ,false
2.12800000,0.00000000,-inf,0.00000000,0.00000000,1 ,false
2.12850000,0.00000000,-inf,0.00000000,0.00000000,1 ,false
2.12900000,0.00000000,-inf,0.00000000,0.00000000,1 ,false
2.12950000,0.00000000,-inf,0.00000000,0.00000000,1 ,false
2.13000000,0.00000000,-inf,0.00000000,0.00000000,1 ,false
2.13050000,0.00000000,-inf,0.00000000,0.00000000,1 ,false
2.13100000,0.00000000,-inf,0.00000000,0.00000000,1 ,false
2.13150000,0.00000000,-inf,0.00000000,0.00000000,1 ,false
2.13200000,0.00000000,-inf,0.00000000,0.00000000,1 ,false
2.13250000,0.00000000,-inf,0.00000000,0.00000000,1 ,false
2.13300000,0.00000000,-inf,0.00000000,0.00000000,1 ,false
2.13350000,0.00000000,-inf,0.00000000,0.00000000,1 ,false
2.13400000,0.00000000,-inf,0.00000000,0.00000000,1 ,false
2.13450000,0.00000000,-inf,0.00000000,0.00000000,1 ,false
2.13500000,0.00000000,-inf,0.00000000,0.00000000,1 ,false
2.13550000,0.00000000,-inf,0.00000000,0.00000000,1 ,false
2.13600000,0.00000000,-inf,0.00000000,0.00000000,1 ,false
2.13650000,0.00000000,-inf,0.00000000,0.00000000,1 ,false
2.13700000,0.00000000,-inf,0.00000000,0.00000000,1 ,false
2.13750000,0.00000000,-inf,0.00000000,0.00000000,1 ,false
2.13800000,0.00000000,-inf,0.00000000,0.00000000,1 ,false
2.13850000,0.00000000,-inf,0.00000000,0.00000000,1 ,false
2.13900000,0.00000000,-inf,0.00000000,0.00000000,1 ,false
2.13950000,0.00000000,-inf,0.00000000,0.00000000,1 ,false
2.14000000,0.00000000,-inf,0.00000000,0.00000000,1 ,false
2.14050000,0.00000000,-inf,0.00000000,0.00000000,1 ,false
2.14100000,0.00000000,-inf,0.00000000,0.00000000,1 ,false
2.14150000,0.00000000,-inf,0.00000000,0.00000000,1 ,false
2.14200000,0.00000000,-inf,0.00000000,0.00000000,1 ,false
2.14250000,0.00000000,-inf,0.00000000,0.00000000,1 ,false
2.14300000,0.00000000,-inf,0.00000000,0.00000000,1 ,false
2.14350000,0.00000000,-inf,0.00000000,0.00000000,1 ,false
2.14400000,0.00000000,-inf,0.00000000,0.00000000,1 ,false
2.14450000,0.00000000,-inf,0.00000000,0.00000000,1 ,false
2.14500000,0.00000000,-inf,0.00000000,0.00000000,1 ,false
2.14550000,0.00000000,-inf,0.00000000,0.00000000,1 ,false
2.14600000,0.00000000,-inf,0.00000000,0.00000000,1 ,false
2.14650000,0.00000000,-inf,0.00000000,0.00000000,1 ,false
2.14700000,0.00000000,-inf,0.00000000,0.00000000,1 ,false
2.14750000,0.00000000,-inf,0.00000000,0.00000000,1 ,false
2.14800000,0.00000000,-inf,0.00000000,0.00000000,1 ,false
2.14850000,0.00000000,-inf,0.00000000,0.00000000,1 ,false
2.14900000,0.00000000,-inf,0.00000000,0.00000000,1 ,false
2.14950000,0.00000000,-inf,0.00000000,0.00000000,1 ,false
2.15000000,0.00000000,-inf,0.00000000,0.00000000,1 ,false
2.15050000,0.00000000,-inf,0.00000000,0.00000000,2 ,false
2.15100000,0.00000000,-inf,0.00000000,0.00000000,2 ,false
2.15150000,0.00000000,-inf,0.00000000,0.00000000,2 ,false
2.15200000,0.00000000,-inf,0.00000000,0.00000000,2 ,false
2.15250000,0.00000000,-inf,0.00000000,0.00000000,2 ,false
2.15300000,0.00000000,-inf,0.00000000,0.00000000,2 ,false
2.15350000,0.00000000,-inf,0.00000000,0.00000000,2 ,false
2.15400000,0.00000000,-inf,0.00000000,0.00000000,2 ,false
2.15450000,0.00000000,-inf,0.00000000,0.00000000,2 ,false
2.15500000,0.00000000,-inf,0.00000000,0.00000000,2 ,false
2.15550000,0.00000000,-inf,0.00000000,0.00000000,2 ,false
2.15600000,0.00000000,-inf,0.00000000,0.00000000,2 ,false
2.15650000,0.00000000,-inf,0.00000000,0.00000000,2 ,false
2.15700000,0.00000000,-inf,0.00000000,0.00000000,2 ,false
2.15750000,0.00000000,-inf,0.00000000,0.00000000,2 ,false
2.15800000,0.00000000,-inf,0.00000000,0.00000000,2 ,false
2.15850000,0.00000000,-inf,0.00000000,0.00000000,2 ,false
2.15900000,0.00000000,-inf,0.00000000,0.00000000,2 ,false
2.15950000,0.00000000,-inf,0.00000000,0.00000000,2 ,false
2.16000000,0.00000000,-inf,0.00000000,0.00000000,2 ,false
2.16050000,0.00000000,-inf,0.00000000,0.00000000,2 ,false
2.16100000,0.00000000,-inf,0.00000000,0.00000000,2 ,false
2.16150000,0.00000000,-inf,0.00000000,0.00000000,2 ,false
2.16200000,0.00000000,-inf,0.00000000,0.00000000,2 ,false
2.16250000,0.00000000,-inf,0.00000000,0.00000000,2 ,false
2.16300000,0.00000000,-inf,0.00000000,0.00000000,2 ,false
2.16350000,0.00000000,-inf,0.00000000,0.00000000,2 ,false
2.16400000,0.00000000,-inf,0.00000000,0.00000000,2 ,false
2.16450000,0.00000000,-inf,0.00000000,0.00000000,2 ,false
2.16500000,0.00000000,-inf,0.00000000,0.00000000,2 ,false
2.16550000,0.00000000,-inf,0.00000000,0.00000000,2 ,false
2.16600000,0.00000000,-inf,0.00000000,0.00000000,2 ,false
2.16650000,0.00000000,-inf,0.00000000,0.00000000,2 ,false
2.16700000,0.00000000,-inf,0.00000000,0.00000000,2 ,false
2.16750000,0.00000000,-inf,0.00000000,0.00000000,2 ,false
2.16800000,0.00000000,-inf,0.00000000,0.00000000,2 ,false
2.16850000,0.00000000,-inf,0.00000000,0.00000000,2 ,false
2.16900000,0.00000000,-inf,0.00000000,0.00000000,2 ,false
2.16950000,0.00000000,-inf,0.00000000,0.00000000,2 ,false
2.17000000,0.00000000,-inf,0.00000000,0.00000000,2 ,false
2.17050000,0.00000000,-inf,0.00000000,0.00000000,2 ,false
2.17100000,0.00000000,-inf,0.00000000,0.00000000,2 ,false
2.17150000,0.00000000,-inf,0.00000000,0.00000000,2 ,false
2.17200000,0.00000000,-inf,0.00000000,0.00000000,2 ,false
2.17250000,0.00000000,-inf,0.00000000,0.00000000,2 ,false
2.17300000,0.00000000,-inf,0.00000000,0.00000000,2 ,false
2.17350000,0.00000000,-inf,0.00000000,0.00000000,2 ,false
2.17400000,0.00000000,-inf,0.00000000,0.00000000,2 ,false
2.17450000,0.00000000,-inf,0.00000000,0.00000000,2 ,false
2.17500000,0.00000000,-inf,0.00000000,0.00000000,2 ,false
2.17550000,0.00000000,-inf,0.00000000,0.00000000,2 ,false
2.17600000,0.00000000,-inf,0.00000000,0.00000000,2 ,false
2.17650000,0.00000000,-inf,0.00000000,0.00000000,2 ,false
2.17700000,0.00000000,-inf,0.00000000,0.00000000,2 ,false
2.17750000,0.00000000,-inf,0.00000000,0.00000000,2 ,false
2.17800000,0.00000000,-inf,0.00000000,0.00000000,2 ,false
2.17850000,0.00000000,-inf,0.00000000,0.00000000,2 ,false
2.17900000,0.00000000,-inf,0.00000000,0.00000000,2 ,false
2.17950000,0.00000000,-inf,0.00000000,0.00000000,2 ,false
2.18000000,0.00000000,-inf,0.00000000,0.00000000,2 ,false
2.18050000,0.00000000,-inf,0.00000000,0.00000000,2 ,false
2.18100000,0.00000000,-inf,0.00000000,0.00000000,2 ,false
2.18150000,0.00000000,-inf,0.00000000,0.00000000,2 ,false
2.18200000,0.00000000,-inf,0.00000000,0.00000000,2 ,false
2.18250000,0.00000000,-inf,0.00000000,0.00000000,2 ,false
2.18300000,0.00000000,-inf,0.00000000,0.00000000,2 ,false
2.18350000,0.00000000,-inf,0.00000000,0.00000000,2 ,false
2.18400000,0.00000000,-inf,0.00000000,0.00000000,2 ,false
2.18450000,0.00000000,-inf,0.00000000,0.00000000,2 ,false
2.18500000,0.00000000,-inf,0.00000000,0.00000000,2 ,false
2.18550000,0.00000000,-inf,0.00000000,0.00000000,2 ,false
2.18600000,0.00000000,-inf,0.00000000,0.00000000,2 ,false
2.18650000,0.00000000,-inf,0.00000000,0.00000000,2 ,false
2.18700000,0.00000000,-inf,0.00000000,0.00000000,2 ,false
2.18750000,0.00000000,-inf,0.00000000,0.00000000,2 ,false
2.18800000,0.00000000,-inf,0.00000000,0.00000000,2 ,false
2.18850000,0.00000000,-inf,0.00000000,0.00000000,2 ,false
2.18900000,0.00000000,-inf,0.00000000,0.00000000,2 ,false
2.18950000,0.00000000,-inf,0.00000000,0.00000000,2 ,false
2.19000000,0.00000000,-inf,0.00000000,0.00000000,2 ,false
2.19050000,0.00000000,-inf,0.00000000,0.00000000,2 ,false
2.19100000,0.00000000,-inf,0.00000000,0.00000000,2 ,false
2.19150000,0.00000000,-inf,0.00000000,0.00000000,2 ,false
2.19200000,0.00000000,-inf,0.00000000,0.00000000,2 ,false
2.19250000,0.00000000,-inf,0.00000000,0.00000000,2 ,false
2.19300000,0.00000000,-inf,0.00000000,0.00000000,2 ,false
2.19350000,0.00000000,-inf,0.00000000,0.00000000,2 ,false
2.19400000,0.00000000,-inf,0.00000000,0.00000000,2 ,false
2.19450000,0.00000000,-inf,0.00000000,0.00000000,2 ,false
2.19500000,0.00000000,-inf,0.00000000,0.00000000,2 ,false
2.19550000,0.00000000,-inf,0.00000000,0.00000000,2 ,false
2.19600000,0.00000000,-inf,0.00000000,0.00000000,2 ,false
2.19650000,0.00000000,-inf,0.00000000,0.00000000,2 ,false
2.19700000,0.00000000,-inf,0.00000000,0.00000000,2 ,false
2.19750000,0.00000000,-inf,0.00000000,0.00000000,2 ,false
2.19800000,0.00000000,-inf,0.00000000,0.00000000,2 ,false
2.19850000,0.00000000,-inf,0.00000000,0.00000000,2 ,false
2.19900000,0.00000000,-inf,0.00000000,0.00000000,2 ,false
2.19950000,0.00000000,-inf,0.00000000,0.00000000,2 ,false
2.20000000,0.00000000,-inf,0.00000000,0.00000000,2 ,false
2.20050000,0.00000000,-inf,0.00000000,0.00000000,3 ,false
2.20100000,0.00000000,-inf,0.00000000,0.00000000,3 ,false
2.20150000,0.00000000,-inf,0.00000000,0.00000000,3 ,false
2.20200000,0.00000000,-inf,0.00000000,0.00000000,3 ,false
2.20250000,0.00000000,-inf,0.00000000,0.00000000,3 ,false
2.20300000,0.00000000,-inf,0.00000000,0.00000000,3 ,false
2.20350000,0.00000000,-inf,0.00000000,0.00000000,3 ,false
2.20400000,0.00000000,-inf,0.00000000,0.00000000,3 ,false
2.20450000,0.00000000,-inf,0.00000000,0.00000000,3 ,false
2.20500000,0.00000000,-inf,0.00000000,0.00000000,3 ,false
2.20550000,0.00000000,-inf,0.00000000,0.00000000,3 ,false
2.20600000,0.00000000,-inf,0.00000000,0.00000000,3 ,false
2.20650000,0.00000000,-inf,0.00000000,0.00000000,3 ,false
2.20700000,0.00000000,-inf,0.00000000,0.00000000,3 ,false
2.20750000,0.00000000,-inf,0.00000000,0.00000000,3 ,false
2.20800000,0.00000000,-inf,0.00000000,0.00000000,3 ,false
2.20850000,0.00000000,-inf,0.00000000,0.00000000,3 ,false
2.20900000,0.00000000,-inf,0.00000000,0.00000000,3 ,false
2.20950000,0.00000000,-inf,0.00000000,0.00000000,3 ,false
2.21000000,0.00000000,-inf,0.00000000,0.00000000,3 ,false
2.21050000,0.00000000,-inf,0.00000000,0.00000000,3 ,false
2.21100000,0.00000000,-inf,0.00000000,0.00000000,3 ,false
2.21150000,0.00000000,-inf,0.00000000,0.00000000,3 ,false
2.21200000,0.00000000,-inf,0.00000000,0.00000000,3 ,false
2.21250000,0.00000000,-inf,0.00000000,0.00000000,3 ,false
2.21300000,0.00000000,-inf,0.00000000,0.00000000,3 ,false
2.21350000,0.00000000,-inf,0.00000000,0.00000000,3 ,false
2.21400000,0.00000000,-inf,0.00000000,0.00000000,3 ,false
2.21450000,0.00000000,-inf,0.00000000,0.00000000,3 ,false
2.21500000,0.00000000,-inf,0.00000000,0.00000000,3 ,false
2.21550000,0.00000000,-inf,0.00000000,0.00000000,3 ,false
2.21600000,0.00000000,-inf,0.00000000,0.00000000,3 ,false
2.21650000,0.00000000,-inf,0.00000000,0.00000000,3 ,false
2.21700000,0.00000000,-inf,0.00000000,0.00000000,3 ,false
2.21750000,0.00000000,-inf,0.00000000,0.00000000,3 ,false
2.21800000,0.00000000,-inf,0.00000000,0.00000000,3 ,false
2.21850000,0.00000000,-inf,0.00000000,0.00000000,3 ,false
2.21900000,0.00000000,-inf,0.00000000,0.00000000,3 ,false
2.21950000,0.00000000,-inf,0.00000000,0.00000000,3 ,false
2.22000000,0.00000000,-inf,0.00000000,0.00000000,3 ,false
2.22050000,0.00000000,-inf,0.00000000,0.00000000,3 ,false
2.22100000,0.00000000,-inf,0.00000000,0.00000000,3 ,false
2.22150000,0.00000000,-inf,0.00000000,0.00000000,3 ,false
2.22200000,0.00000000,-inf,0.00000000,0.00000000,3 ,false
2.22250000,0.00000000,-inf,0.00000000,0.00000000,3 ,false
2.22300000,0.00000000,-inf,0.00000000,0.00000000,3 ,false
2.22350000,0.00000000,-inf,0.00000000,0.00000000,3 ,false
2.22400000,0.00000000,-inf,0.00000000,0.00000000,3 ,false
2.22450000,0.00000000,-inf,0.00000000,0.00000000,3 ,false
2.22500000,0.00000000,-inf,0.00000000,0.00000000,3 ,false
2.22550000,0.00000000,-inf,0.00000000,0.00000000,3 ,false
2.22600000,0.00000000,-inf,0.00000000,0.00000000,3 ,false
2.22650000,0.00000000,-inf,0.00000000,0.00000000,3 ,false
2.22700000,0.00000000,-inf,0.00000000,0.00000000,3 ,false
2.22750000,0.00000000,-inf,0.00000000,0.00000000,3 ,false
2.22800000,0.00000000,-inf,0.00000000,0.00000000,3 ,false
2.22850000,0.00000000,-inf,0.00000000,0.00000000,3 ,false
2.22900000,0.00000000,-inf,0.00000000,0.00000000,3 ,false
2.22950000,0.00000000,-inf,0.00000000,0.00000000,3 ,false
2.23000000,0.00000000,-inf,0.00000000,0.00000000,3 ,false
2.23050000,0.00000000,-inf,0.00000000,0.00000000,3 ,false
2.23100000,0.00000000,-inf,0.00000000,0.00000000,3 ,false
2.23150000,0.00000000,-inf,0.00000000,0.00000000,3 ,false
2.23200000,0.00000000,-inf,0.00000000,0.00000000,3 ,false
2.23250000,0.00000000,-inf,0.00000000,0.00000000,3 ,false
2.23300000,0.00000000,-inf,0.00000000,0.00000000,3 ,false
2.23350000,0.00000000,-inf,0.00000000,0.00000000,3 ,false
2.23400000,0.00000000,-inf,0.00000000,0.00000000,3 ,false
2.23450000,0.00000000,-inf,0.00000000,0.00000000,3 ,false
2.23500000,0.00000000,-inf,0.00000000,0.00000000,3 ,false
2.23550000,0.00000000,-inf,0.00000000,0.00000000,3 ,false
2.23600000,0.00000000,-inf,0.00000000,0.00000000,3 ,false
2.23650000,0.00000000,-inf,0.00000000,0.00000000,3 ,false
2.23700000,0.00000000,-inf,0.00000000,0.00000000,3 ,false
2.23750000,0.00000000,-inf,0.00000000,0.00000000,3 ,false
2.23800000,0.00000000,-inf,0.00000000,0.00000000,3 ,false
2.23850000,0.00000000,-inf,0.00000000,0.00000000,3 ,false
2.23900000,0.00000000,-inf,0.00000000,0.00000000,3 ,false
2.23950000,0.00000000,-inf,0.00000000,0.00000000,3 ,false
2.24000000,0.00000000,-inf,0.00000000,0.00000000,3 ,false
2.24050000,0.00000000,-inf,0.00000000,0.00000000,3 ,false
2.24100000,0.00000000,-inf,0.00000000,0.00000000,3 ,false
2.24150000,0.00000000,-inf,0.00000000,0.00000000,3 ,false
2.24200000,0.00000000,-inf,0.00000000,0.00000000,3 ,false
2.24250000,0.00000000,-inf,0.00000000,0.00000000,3 ,false
2.24300000,0.00000000,-inf,0.00000000,0.00000000,3 ,false
2.24350000,0.00000000,-inf,0.00000000,0.00000000,3 ,false
2.24400000,0.00000000,-inf,0.00000000,0.00000000,3 ,false
2.24450000,0.00000000,-inf,0.00000000,0.00000000,3 ,false
2.24500000,0.00000000,-inf,0.00000000,0.00000000,3 ,false
2.24550000,0.00000000,-inf,0.00000000,0.00000000,3 ,false
2.24600000,0.00000000,-inf,0.00000000,0.00000000,3 ,false
2.24650000,0.00000000,-inf,0.00000000,0.00000000,3 ,false
2.24700000,0.00000000,-inf,0.00000000,0.00000000,3 ,false
2.24750000,0.00000000,-inf,0.00000000,0.00000000,3 ,false
2.24800000,0.00000000,-inf,0.00000000,0.00000000,3 ,false
2.24850000,0.00000000,-inf,0.00000000,0.00000000,3 ,false
2.24900000,0.00000000,-inf,0.00000000,0.00000000,3 ,false
2.24950000,0.00000000,-inf,0.00000000,0.00000000,3 ,false
2.25000000,0.00000000,-inf,0.00000000,0.00000000,3 ,false
2.25050000,0.03412363,0.90877677,0.03412363,-0.10402519,4 ,true
2.25100000,0.03941589,0.92197707,0.03941589,-0.09148175,4 ,true
2.25150000,0.04328586,0.93070553,0.04328586,-0.08245473,4 ,true
2.25200000,0.04648350,0.93733836,0.04648350,-0.07509893,4 ,true
2.25250000,0.04927483,0.94271072,0.04927483,-0.06875880,4 ,true
2.25300000,0.05178892,0.94722591,0.05178892,-0.06311579,4 ,true
2.25350000,0.05409936,0.95111342,0.05409936,-0.05798786,4 ,true
2.25400000,0.05625260,0.95451792,0.05625260,-0.05325990,4 ,true
2.25450000,0.05828007,0.95753730,0.05828007,-0.04885385,4 ,true
2.25500000,0.06020414,0.96024132,0.06020414,-0.04471400,4 ,true
2.25550000,0.06204140,0.96268165,0.06204140,-0.04079897,4 ,true
2.25600000,0.06380452,0.96489786,0.06380452,-0.03707708,4 ,true
2.25650000,0.06550342,0.96692095,0.06550342,-0.03352345,4 ,true
2.25700000,0.06714605,0.96877578,0.06714605,-0.03011810,4 ,true
2.25750000,0.06873888,0.97048261,0.06873888,-0.02684473,4 ,true
2.25800000,0.07028726,0.97205819,0.07028726,-0.02368983,4 ,true
2.25850000,0.07179567,0.97351658,0.07179567,-0.02064205,4 ,true
2.25900000,0.07326791,0.97486968,0.07326791,-0.01769176,4 ,true
2.25950000,0.07470723,0.97612770,0.07470723,-0.01483069,4 ,true
2.26000000,0.07611644,0.97729942,0.07611644,-0.01205169,4 ,true
2.26050000,0.07749798,0.97839250,0.07749798,-0.00934851,4 ,true
2.26100000,0.07885399,0.97941366,0.07885399,-0.00671568,4 ,true
2.26150000,0.08018635,0.98036880,0.08018635,-0.00414833,4 ,true
2.26200000,0.08149674,0.98126317,0.08149674,-0.00164218,4 ,true
2.26250000,0.08278665,0.98210142,0.08278665,0.00080664,4 ,true
2.26300000,0.08405742,0.98288773,0.08405742,0.00320159,4 ,true
2.26350000,0.08531026,0.98362586,0.08531026,0.00554579,4 ,true
2.26400000,0.08654626,0.98431920,0.08654626,0.00784208,4 ,true
2.26450000,0.08776640,0.98497081,0.08776640,0.01009301,4 ,true
2.26500000,0.08897158,0.98558347,0.08897158,0.01230096,4 ,true
2.26550000,0.09016262,0.98615973,0.09016262,0.01446805,4 ,true
2.26600000,0.09134028,0.98670189,0.09134028,0.01659627,4 ,true
2.26650000,0.09250526,0.98721209,0.09250526,0.01868743,4 ,true
2.26700000,0.09365818,0.98769227,0.09365818,0.02074322,4 ,true
2.26750000,0.09479964,0.98814424,0.09479964,0.02276519,4 ,true
2.26800000,0.09593018,0.98856964,0.09593018,0.02475477,4 ,true
2.26850000,0.09705030,0.98897000,0.09705030,0.02671332,4 ,true
2.26900000,0.09816049,0.98934675,0.09816049,0.02864207,4 ,true
2.26950000,0.09926117,0.98970120,0.09926117,0.03054220,4 ,true
2.27000000,0.10035276,0.99003456,0.10035276,0.03241480,4 ,true
2.27050000,0.10143564,0.99034799,0.10143564,0.03426088,4 ,true
2.27100000,0.10251016,0.99064253,0.10251016,0.03608141,4 ,true
2.27150000,0.10357667,0.99091917,0.10357667,0.03787729,4 ,true
2.27200000,0.10463547,0.99117885,0.10463547,0.03964937,4 ,true
2.27250000,0.10568687,0.99142242,0.10568687,0.04139844,4 ,true
2.27300000,0.10673114,0.99165070,0.10673114,0.04312526,4 ,true
2.27350000,0.10776856,0.99186445,0.10776856,0.04483055,4 ,true
2.27400000,0.10879936,0.99206438,0.10879936,0.04651498,4 ,true
2.27450000,0.10982378,0.99225116,0.10982378,0.04817919,4 ,true
2.27500000,0.11084206,0.99242543,0.11084206,0.04982378,4 ,true
2.27550000,0.11185439,0.99258778,0.11185439,0.05144934,4 ,true
2.27600000,0.11286098,0.99273877,0.11286098,0.05305641,4 ,true
2.27650000,0.11386202,0.99287894,0.11386202,0.05464552,4 ,true
2.27700000,0.11485769,0.99300877,0.11485769,0.05621715,4 ,true
2.27750000,0.11584816,0.99312876,0.11584816,0.05777178,4 ,true
2.27800000,0.11683361,0.99323933,0.11683361,0.05930986,4 ,true
2.27850000,0.11781417,0.99334092,0.11781417,0.06083183,4 ,true
2.27900000,0.11879001,0.99343393,0.11879001,0.06233810,4 ,true
2.27950000,0.11976127,0.99351874,0.11976127,0.06382906,4 ,true
2.28000000,0.12072808,0.99359570,0.12072808,0.06530508,4 ,true
2.28050000,0.12169056,0.99366517,0.12169056,0.06676654,4 ,true
2.28100000,0.12264886,0.99372747,0.12264886,0.06821377,4 ,true
2.28150000,0.12360308,0.99378290,0.12360308,0.06964710,4 ,true
2.28200000,0.12455334,0.99383176,0.12455334,0.07106687,4 ,true
2.28250000,0.12549976,0.99387433,0.12549976,0.07247336,4 ,true
2.28300000,0.12644242,0.99391087,0.12644242,0.07386689,4 ,true
2.28350000,0.12738144,0.99394165,0.12738144,0.07524772,4 ,true
2.28400000,0.12831692,0.99396690,0.12831692,0.07661614,4 ,true
2.28450000,0.12924894,0.99398685,0.12924894,0.07797240,4 ,true
2.28500000,0.13017759,0.99400173,0.13017759,0.07931676,4 ,true
2.28550000,0.13110297,0.99401174,0.13110297,0.08064947,4 ,true
2.28600000,0.13202515,0.99401708,0.13202515,0.08197075,4 ,true
2.28650000,0.13294422,0.99401794,0.13294422,0.08328083,4 ,true
2.28700000,0.13386024,0.99401452,0.13386024,0.08457993,4 ,true
2.28750000,0.13477330,0.99400697,0.13477330,0.08586827,4 ,true
2.28800000,0.13568347,0.99399548,0.13568347,0.08714604,4 ,true
2.28850000,0.13659081,0.99398019,0.13659081,0.08841345,4 ,true
2.28900000,0.13749540,0.99396127,0.13749540,0.08967069,4 ,true
2.28950000,0.13839729,0.99393885,0.13839729,0.09091793,4 ,true
2.29000000,0.13929655,0.99391309,0.13929655,0.09215536,4 ,true
2.29050000,0.14019324,0.99388411,0.14019324,0.09338316,4 ,true
2.29100000,0.14108742,0.99385204,0.14108742,0.09460148,4 ,true
2.29150000,0.14197914,0.99381701,0.14197914,0.09581050,4 ,true
2.29200000,0.14286846,0.99377913,0.14286846,0.09701036,4 ,true
2.29250000,0.14375543,0.99373853,0.14375543,0.09820123,4 ,true
2.29300000,0.14464010,0.99369530,0.14464010,0.09938324,4 ,true
2.29350000,0.14552252,0.99364955,0.14552252,0.10055656,4 ,true
2.29400000,0.14640273,0.99360139,0.14640273,0.10172130,4 ,true
2.29450000,0.14728080,0.99355091,0.14728080,0.10287761,4 ,true
2.29500000,0.14815675,0.99349820,0.14815675,0.10402563,4 ,true
2.29550000,0.14903063,0.99344335,0.14903063,0.10516547,4 ,true
2.29600000,0.14990250,0.99338644,0.14990250,0.10629726,4 ,true
2.29650000,0.15077237,0.99332757,0.15077237,0.10742113,4 ,true
2.29700000,0.15164031,0.99326681,0.15164031,0.10853720,4 ,true
2.29750000,0.15250634,0.99320423,0.15250634,0.10964556,4 ,true
2.29800000,0.15337050,0.99313990,0.15337050,0.11074635,4 ,true
2.29850000,0.15423283,0.99307391,0.15423283,0.11183966,4 ,true
2.29900000,0.15509337,0.99300631,0.15509337,0.11292560,4 ,true
2.29950000,0.15595215,0.99293717,0.15595215,0.11400428,4 ,true
2.30000000,0.01780231,0.92946952,0.01780231,-0.18977217,5 ,true
2.30050000,0.11030714,0.99097376,0.11030714,0.01449110,5 ,true
2.30100000,0.12585295,0.99535248,0.12585295,0.04746877,5 ,true
2.30150000,0.13697471,0.99746482,0.13697471,0.07065826,5 ,true
2.30200000,0.14601607,0.99858161,0.14601607,0.08923040,5 ,true
2.30250000,0.15380449,0.99913180,0.15380449,0.10501198,5 ,true
2.30300000,0.16074016,0.99931625,0.16074016,0.11888746,5 ,true
2.30350000,0.16705082,0.99924630,0.16705082,0.13136075,5 ,true
2.30400000,0.17287994,0.99899050,0.17287994,0.14274976,5 ,true
2.30450000,0.17832444,0.99859419,0.17832444,0.15326958,5 ,true
2.30500000,0.18345328,0.99808898,0.18345328,0.16307347,5 ,true
2.30550000,0.18831749,0.99749780,0.18831749,0.17227500,5 ,true
2.30600000,0.19295603,0.99683783,0.19295603,0.18096104,5 ,true
2.30650000,0.19739940,0.99612227,0.19739940,0.18919970,5 ,true
2.30700000,0.20167200,0.99536144,0.20167200,0.19704554,5 ,true
2.30750000,0.20579368,0.99456359,0.20579368,0.20454303,5 ,true
2.30800000,0.20978085,0.99373539,0.20978085,0.21172898,5 ,true
2.30850000,0.21364725,0.99288230,0.21364725,0.21863424,5 ,true
2.30900000,0.21740450,0.99200884,0.21740450,0.22528500,5 ,true
2.30950000,0.22106254,0.99111878,0.22106254,0.23170366,5 ,true
2.31000000,0.22462996,0.99021529,0.22462996,0.23790959,5 ,true
2.31050000,0.22811422,0.98930107,0.22811422,0.24391964,5 ,true
2.31100000,0.23152185,0.98837842,0.23152185,0.24974862,5 ,true
2.31150000,0.23485861,0.98744929,0.23485861,0.25540958,5 ,true
2.31200000,0.23812961,0.98651537,0.23812961,0.26091410,5 ,true
2.31250000,0.24133939,0.98557814,0.24133939,0.26627254,5 ,true
2.31300000,0.24449204,0.98463885,0.24449204,0.27149416,5 ,true
2.31350000,0.24759122,0.98369860,0.24759122,0.27658733,5 ,true
2.31400000,0.25064024,0.98275836,0.25064024,0.28155961,5 ,true
2.31450000,0.25364211,0.98181897,0.25364211,0.28641784,5 ,true
2.31500000,0.25659955,0.98088114,0.25659955,0.29116828,5 ,true
2.31550000,0.25951505,0.97994554,0.25951505,0.29581664,5 ,true
2.31600000,0.26239091,0.97901271,0.26239091,0.30036815,5 ,true
2.31650000,0.26522921,0.97808316,0.26522921,0.30482764,5 ,true
2.31700000,0.26803189,0.97715731,0.26803189,0.30919952,5 ,true
2.31750000,0.27080073,0.97623555,0.27080073,0.31348791,5 ,true
2.31800000,0.27353737,0.97531819,0.27353737,0.31769659,5 ,true
2.31850000,0.27624334,0.97440555,0.27624334,0.32182908,5 ,true
2.31900000,0.27892006,0.97349786,0.27892006,0.32588867,5 ,true
2.31950000,0.28156885,0.97259536,0.28156885,0.32987840,5 ,true
2.32000000,0.28419094,0.97169822,0.28419094,0.33380113,5 ,true
2.32050000,0.28678748,0.97080662,0.28678748,0.33765952,5 ,true
2.32100000,0.28935955,0.96992070,0.28935955,0.34145606,5 ,true
2.32150000,0.29190816,0.96904059,0.29190816,0.34519309,5 ,true
2.32200000,0.29443425,0.96816638,0.29443425,0.34887282,5 ,true
2.32250000,0.29693871,0.96729816,0.29693871,0.35249731,5 ,true
2.32300000,0.29942239,0.96643601,0.29942239,0.35606852,5 ,true
2.32350000,0.30188606,0.96557998,0.30188606,0.35958829,5 ,true
2.32400000,0.30433048,0.96473013,0.30433048,0.36305834,5 ,true
2.32450000,0.30675635,0.96388648,0.30675635,0.36648034,5 ,true
2.32500000,0.30916433,0.96304907,0.30916433,0.36985582,5 ,true
2.32550000,0.31155506,0.96221791,0.31155506,0.37318628,5 ,true
2.32600000,0.31392913,0.96139302,0.31392913,0.37647310,5 ,true
2.32650000,0.31628711,0.96057439,0.31628711,0.37971761,5 ,true
2.32700000,0.31862954,0.95976203,0.31862954,0.38292108,5 ,true
2.32750000,0.32095692,0.95895592,0.32095692,0.38608472,5 ,true
2.32800000,0.32326976,0.95815606,0.32326976,0.38920966,5 ,true
2.32850000,0.32556850,0.95736242,0.32556850,0.39229699,5 ,true
2.32900000,0.32785360,0.95657498,0.32785360,0.39534776,5 ,true
2.32950000,0.33012546,0.95579371,0.33012546,0.39836297,5 ,true
2.33000000,0.33238451,0.95501860,0.33238451,0.40134355,5 ,true
2.33050000,0.33463112,0.95424959,0.33463112,0.40429042,5 ,true
2.33100000,0.33686565,0.95348666,0.33686565,0.40720445,5 ,true
2.33150000,0.33908846,0.95272978,0.33908846,0.41008647,5 ,true
2.33200000,0.34129990,0.95197889,0.34129990,0.41293728,5 ,true
2.33250000,0.34350026,0.95123397,0.34350026,0.41575764,5 ,true
2.33300000,0.34568988,0.95049497,0.34568988,0.41854829,5 ,true
2.33350000,0.34786904,0.94976183,0.34786904,0.42130992,5 ,true
2.33400000,0.35003803,0.94903453,0.35003803,0.42404322,5 ,true
2.33450000,0.35219712,0.94831301,0.35219712,0.42674883,5 ,true
2.33500000,0.35434658,0.94759722,0.35434658,0.42942738,5 ,true
2.33550000,0.35648665,0.94688711,0.35648665,0.43207948,5 ,true
2.33600000,0.35861758,0.94618264,0.35861758,0.43470570,5 ,true
2.33650000,0.36073960,0.94548376,0.36073960,0.43730659,5 ,true
2.33700000,0.36285294,0.94479041,0.36285294,0.43988271,5 ,true
2.33750000,0.36495782,0.94410255,0.36495782,0.44243456,5 ,true
2.33800000,0.36705444,0.94342013,0.36705444,0.44496264,5 ,true
2.33850000,0.36914300,0.94274308,0.36914300,0.44746744,5 ,true
2.33900000,0.37122369,0.94207137,0.37122369,0.44994943,5 ,true
2.33950000,0.37329672,0.94140494,0.37329672,0.45240904,5 ,true
2.34000000,0.37536225,0.94074375,0.37536225,0.45484673,5 ,true
2.34050000,0.37742046,0.94008773,0.37742046,0.45726291,5 ,true
2.34100000,0.37947152,0.93943683,0.37947152,0.45965798,5 ,true
2.34150000,0.38151559,0.93879102,0.38151559,0.46203234,5 ,true
2.34200000,0.38355283,0.93815023,0.38355283,0.46438638,5 ,true
2.34250000,0.38558339,0.93751441,0.38558339,0.46672045,5 ,true
2.34300000,0.38760742,0.93688352,0.38760742,0.46903492,5 ,true
2.34350000,0.38962507,0.93625750,0.38962507,0.47133013,5 ,true
2.34400000,0.39163646,0.93563631,0.39163646,0.47360642,5 ,true
2.34450000,0.39364175,0.93501989,0.39364175,0.47586412,5 ,true
2.34500000,0.39564104,0.93440820,0.39564104,0.47810353,5 ,true
2.34550000,0.39763448,0.93380118,0.39763448,0.48032497,5 ,true
2.34600000,0.39962218,0.93319879,0.39962218,0.48252873,5 ,true
2.34650000,0.40160426,0.93260099,0.40160426,0.48471511,5 ,true
2.34700000,0.40358084,0.93200771,0.40358084,0.48688438,5 ,true
2.34750000,0.40555202,0.93141892,0.40555202,0.48903681,5 ,true
2.34800000,0.40751792,0.93083457,0.40751792,0.49117267,5 ,true
2.34850000,0.40947864,0.93025461,0.40947864,0.49329223,5 ,true
2.34900000,0.41143429,0.92967899,0.41143429,0.49539571,5 ,true
2.34950000,0.41338495,0.92910767,0.41338495,0.49748339,5 ,true
2.35000000,0.41533074,0.92854061,0.41533074,0.49955547,5 ,true
2.35050000,0.18780793,0.89702953,0.18780793,0.04814135,6 ,true
2.35100000,0.21445177,0.91331552,0.21445177,0.10146566,6 ,true
2.35150000,0.23345909,0.92361438,0.23345909,0.13883829,6 ,true
2.35200000,0.24886984,0.93116297,0.24886984,0.16868150,6 ,true
2.35250000,0.26211186,0.93708390,0.26211186,0.19397224,6 ,true
2.35300000,0.27387627,0.94191378,0.27387627,0.21615240,6 ,true
2.35350000,0.28455663,0.94595527,0.28455663,0.23604381,6 ,true
2.35400000,0.29440104,0.94939768,0.29440104,0.25416505,6 ,true
2.35450000,0.30357722,0.95236812,0.30357722,0.27086716,6 ,true
2.35500000,0.31220458,0.95495649,0.31220458,0.28640028,6 ,true
2.35550000,0.32037150,0.95722899,0.32037150,0.30094988,6 ,true
2.35600000,0.32814550,0.95923592,0.32814550,0.31465779,6 ,true
2.35650000,0.33557948,0.96101645,0.33557948,0.32763528,6 ,true
2.35700000,0.34271577,0.96260178,0.34271577,0.33997148,6 ,true
2.35750000,0.34958882,0.96401715,0.34958882,0.35173908,6 ,true
2.35800000,0.35622713,0.96528334,0.35622713,0.36299823,6 ,true
2.35850000,0.36265455,0.96641764,0.36265455,0.37379938,6 ,true
2.35900000,0.36889128,0.96743463,0.36889128,0.38418531,6 ,true
2.35950000,0.37495463,0.96834668,0.37495463,0.39419265,6 ,true
2.36000000,0.38085950,0.96916444,0.38085950,0.40385309,6 ,true
2.36050000,0.38661888,0.96989708,0.38661888,0.41319419,6 ,true
2.36100000,0.39224414,0.97055263,0.39224414,0.42224015,6 ,true
2.36150000,0.39774530,0.97113808,0.39774530,0.43101232,6 ,true
2.36200000,0.40313126,0.97165961,0.40313126,0.43952966,6 ,true
2.36250000,0.40840994,0.97212269,0.40840994,0.44780909,6 ,true
2.36300000,0.41358844,0.97253218,0.41358844,0.45586579,6 ,true
2.36350000,0.41867316,0.97289242,0.41867316,0.46371342,6 ,true
2.36400000,0.42366986,0.97320732,0.42366986,0.47136435,6 ,true
2.36450000,0.42858377,0.97348038,0.42858377,0.47882980,6 ,true
2.36500000,0.43341968,0.97371476,0.43341968,0.48611999,6 ,true
2.36550000,0.43818191,0.97391333,0.43818191,0.49324426,6 ,true
2.36600000,0.44287446,0.97407870,0.44287446,0.50021118,6 ,true
2.36650000,0.44750099,0.97421324,0.44750099,0.50702862,6 ,true
2.36700000,0.45206486,0.97431912,0.45206486,0.51370384,6 ,true
2.36750000,0.45656918,0.97439832,0.45656918,0.52024354,6 ,true
2.36800000,0.46101683,0.97445265,0.46101683,0.52665393,6 ,true
2.36850000,0.46541048,0.97448378,0.46541048,0.53294077,6 ,true
2.36900000,0.46975260,0.97449327,0.46975260,0.53910942,6 ,true
2.36950000,0.47404551,0.97448251,0.47404551,0.54516486,6 ,true
2.37000000,0.47829135,0.97445283,0.47829135,0.55111177,6 ,true
2.37050000,0.48249214,0.97440543,0.48249214,0.55695450,6 ,true
2.37100000,0.48664975,0.97434144,0.48664975,0.56269713,6 ,true
2.37150000,0.49076596,0.97426191,0.49076596,0.56834349,6 ,true
2.37200000,0.49484242,0.97416780,0.49484242,0.57389718,6 ,true
2.37250000,0.49888068,0.97406001,0.49888068,0.57936158,6 ,true
2.37300000,0.50288221,0.97393939,0.50288221,0.58473989,6 ,true
2.37350000,0.50684840,0.97380672,0.50684840,0.59003511,6 ,true
2.37400000,0.51078055,0.97366273,0.51078055,0.59525008,6 ,true
2.37450000,0.51467988,0.97350810,0.51467988,0.60038749,6 ,true
2.37500000,0.51854757,0.97334348,0.51854757,0.60544989,6 ,true
2.37550000,0.52238473,0.97316947,0.52238473,0.61043968,6 ,true
2.37600000,0.52619238,0.97298662,0.52619238,0.61535916,6 ,true
2.37650000,0.52997154,0.97279547,0.52997154,0.62021049,6 ,true
2.37700000,0.53372315,0.97259651,0.53372315,0.62499574,6 ,true
2.37750000,0.53744809,0.97239021,0.53744809,0.62971687,6 ,true
2.37800000,0.54114723,0.97217700,0.54114723,0.63437577,6 ,true
2.37850000,0.54482137,0.97195729,0.54482137,0.63897420,6 ,true
2.37900000,0.54847130,0.97173148,0.54847130,0.64351387,6 ,true
2.37950000,0.55209775,0.97149993,0.55209775,0.64799640,6 ,true
2.38000000,0.55570142,0.97126299,0.55570142,0.65242336,6 ,true
2.38050000,0.55928301,0.97102097,0.55928301,0.65679621,6 ,true
2.38100000,0.56284313,0.97077420,0.56284313,0.66111638,6 ,true
2.38150000,0.56638243,0.97052295,0.56638243,0.66538523,6 ,true
2.38200000,0.56990148,0.97026750,0.56990148,0.66960405,6 ,true
2.38250000,0.57340085,0.97000812,0.57340085,0.67377411,6 ,true
2.38300000,0.57688109,0.96974504,0.57688109,0.67789660,6 ,true
2.38350000,0.58034271,0.96947850,0.58034271,0.68197266,6 ,true
2.38400000,0.58378622,0.96920872,0.58378622,0.68600341,6 ,true
2.38450000,0.58721209,0.96893592,0.58721209,0.68998989,6 ,true
2.38500000,0.59062079,0.96866027,0.59062079,0.69393314,6 ,true
2.38550000,0.59401277,0.96838199,0.59401277,0.69783414,6 ,true
2.38600000,0.59738843,0.96810123,0.59738843,0.70169383,6 ,true
2.38650000,0.60074821,0.96781817,0.60074821,0.70551312,6 ,true
2.38700000,0.60409249,0.96753298,0.60409249,0.70929288,6 ,true
2.38750000,0.60742165,0.96724580,0.60742165,0.71303398,6 ,true
2.38800000,0.61073607,0.96695677,0.61073607,0.71673721,6 ,true
2.38850000,0.61403608,0.96666604,0.61403608,0.72040338,6 ,true
2.38900000,0.61732205,0.96637374,0.61732205,0.72403323,6 ,true
2.38950000,0.62059429,0.96607998,0.62059429,0.72762751,6 ,true
2.39000000,0.62385313,0.96578490,0.62385313,0.73118692,6 ,true
2.39050000,0.62709887,0.96548859,0.62709887,0.73471214,6 ,true
2.39100000,0.63033181,0.96519117,0.63033181,0.73820385,6 ,true
2.39150000,0.63355224,0.96489273,0.63355224,0.74166269,6 ,true
2.39200000,0.63676044,0.96459338,0.63676044,0.74508927,6 ,true
2.39250000,0.63995666,0.96429321,0.63995666,0.74848419,6 ,true
2.39300000,0.64314118,0.96399230,0.64314118,0.75184805,6 ,true
2.39350000,0.64631425,0.96369073,0.64631425,0.75518140,6 ,true
2.39400000,0.64947611,0.96338860,0.64947611,0.75848478,6 ,true
2.39450000,0.65262699,0.96308596,0.65262699,0.76175874,6 ,true
2.39500000,0.65576713,0.96278291,0.65576713,0.76500379,6 ,true
2.39550000,0.65889675,0.96247949,0.65889675,0.76822042,6 ,true
2.39600000,0.66201606,0.96217578,0.66201606,0.77140912,6 ,true
2.39650000,0.66512528,0.96187185,0.66512528,0.77457035,6 ,true
2.39700000,0.66822460,0.96156775,0.66822460,0.77770459,6 ,true
2.39750000,0.67131422,0.96126353,0.67131422,0.78081226,6 ,true
2.39800000,0.67439433,0.96095925,0.67439433,0.78389381,6 ,true
2.39850000,0.67746513,0.96065497,0.67746513,0.78694964,6 ,true
2.39900000,0.68052678,0.96035073,0.68052678,0.78998017,6 ,true
2.39950000,0.68357947,0.96004658,0.68357947,0.79298580,6 ,true
2.40000000,0.68662336,0.95974256,0.68662336,0.79596691,6 ,true
2.40050000,0.21985971,0.72147361,0.21985971,-0.06154690,7 ,true
2.40100000,0.25240415,0.75005007,0.25240415,0.00078730,7 ,true
2.40150000,0.27568177,0.76906242,0.27568177,0.04457037,7 ,true
2.40200000,0.29457777,0.78361388,0.29457777,0.07957052,7 ,true
2.40250000,0.31082413,0.79549258,0.31082413,0.10924896,7 ,true
2.40300000,0.32526111,0.80555959,0.32526111,0.13528501,7 ,true
2.40350000,0.33836807,0.81430353,0.33836807,0.15863722,7 ,true
2.40400000,0.35044764,0.82203166,0.35044764,0.17991114,7 ,true
2.40450000,0.36170471,0.82895127,0.36170471,0.19951712,7 ,true
2.40500000,0.37228531,0.83520970,0.37228531,0.21774783,7 ,true
2.40550000,0.38229766,0.84091588,0.38229766,0.23482044,7 ,true
2.40600000,0.39182451,0.84615294,0.39182451,0.25090119,7 ,true
2.40650000,0.40093078,0.85098592,0.40093078,0.26612055,7 ,true
2.40700000,0.40966842,0.85546681,0.40966842,0.28058316,7 ,true
2.40750000,0.41807979,0.85963789,0.41807979,0.29437433,7 ,true
2.40800000,0.42619993,0.86353408,0.42619993,0.30756477,7 ,true
2.40850000,0.43405820,0.86718459,0.43405820,0.32021377,7 ,true
2.40900000,0.44167950,0.87061413,0.44167950,0.33237165,7 ,true
2.40950000,0.44908513,0.87384382,0.44908513,0.34408154,7 ,true
2.41000000,0.45629349,0.87689186,0.45629349,0.35538071,7 ,true
2.41050000,0.46332061,0.87977406,0.46332061,0.36630167,7 ,true
2.41100000,0.47018052,0.88250424,0.47018052,0.37687291,7 ,true
2.41150000,0.47688561,0.88509458,0.47688561,0.38711961,7 ,true
2.41200000,0.48344688,0.88755586,0.48344688,0.39706413,7 ,true
2.41250000,0.48987413,0.88989767,0.48987413,0.40672643,7 ,true
2.41300000,0.49617615,0.89212859,0.49617615,0.41612443,7 ,true
2.41350000,0.50236084,0.89425631,0.50236084,0.42527425,7 ,true
2.41400000,0.50843536,0.89628778,0.50843536,0.43419052,7 ,true
2.41450000,0.51440620,0.89822930,0.51440620,0.44288647,7 ,true
2.41500000,0.52027926,0.90008655,0.52027926,0.45137421,7 ,true
2.41550000,0.52605994,0.90186474,0.52605994,0.45966477,7 ,true
2.41600000,0.53175318,0.90356861,0.53175318,0.46776828,7 ,true
2.41650000,0.53736353,0.90520253,0.53736353,0.47569406,7 ,true
2.41700000,0.54289517,0.90677048,0.54289517,0.48345069,7 ,true
2.41750000,0.54835195,0.90827613,0.54835195,0.49104612,7 ,true
2.41800000,0.55373746,0.90972290,0.55373746,0.49848768,7 ,true
2.41850000,0.55905502,0.91111390,0.55905502,0.50578222,7 ,true
2.41900000,0.56430770,0.91245206,0.56430770,0.51293607,7 ,true
2.41950000,0.56949838,0.91374008,0.56949838,0.51995515,7 ,true
2.42000000,0.57462974,0.91498045,0.57462974,0.52684499,7 ,true
2.42050000,0.57970428,0.91617552,0.57970428,0.53361076,7 ,true
2.42100000,0.58472435,0.91732748,0.58472435,0.54025729,7 ,true
2.42150000,0.58969215,0.91843836,0.58969215,0.54678914,7 ,true
2.42200000,0.59460973,0.91951007,0.59460973,0.55321057,7 ,true
2.42250000,0.59947905,0.92054440,0.59947905,0.55952560,7 ,true
2.42300000,0.60430193,0.92154303,0.60430193,0.56573802,7 ,true
2.42350000,0.60908010,0.92250753,0.60908010,0.57185141,7 ,true
2.42400000,0.61381517,0.92343939,0.61381517,0.57786913,7 ,true
2.42450000,0.61850870,0.92434000,0.61850870,0.58379438,7 ,true
2.42500000,0.62316214,0.92521068,0.62316214,0.58963019,7 ,true
2.42550000,0.62777687,0.92605267,0.62777687,0.59537942,7 ,true
2.42600000,0.63235419,0.92686714,0.63235419,0.60104479,7 ,true
2.42650000,0.63689536,0.92765521,0.63689536,0.60662889,7 ,true
2.42700000,0.64140154,0.92841793,0.64140154,0.61213418,7 ,true
2.42750000,0.64587386,0.92915629,0.64587386,0.61756299,7 ,true
2.42800000,0.65031339,0.92987123,0.65031339,0.62291755,7 ,true
2.42850000,0.65472115,0.93056365,0.65472115,0.62819998,7 ,true
2.42900000,0.65909811,0.93123440,0.65909811,0.63341231,7 ,true
2.42950000,0.66344520,0.93188429,0.66344520,0.63855647,7 ,true
2.43000000,0.66776329,0.93251409,0.66776329,0.64363432,7 ,true
2.43050000,0.67205324,0.93312453,0.67205324,0.64864762,7 ,true
2.43100000,0.67631585,0.93371630,0.67631585,0.65359807,7 ,true
2.43150000,0.68055190,0.93429007,0.68055190,0.65848728,7 ,true
2.43200000,0.68476213,0.93484647,0.68476213,0.66331680,7 ,true
2.43250000,0.68894726,0.93538612,0.68894726,0.66808814,7 ,true
2.43300000,0.69310795,0.93590957,0.69310795,0.67280271,7 ,true
2.43350000,0.69724487,0.93641740,0.69724487,0.67746189,7 ,true
2.43400000,0.70135864,0.93691012,0.70135864,0.68206700,7 ,true
2.43450000,0.70544987,0.93738823,0.70544987,0.68661931,7 ,true
2.43500000,0.70951913,0.93785223,0.70951913,0.69112002,7 ,true
2.43550000,0.71356699,0.93830257,0.71356699,0.69557033,7 ,true
2.43600000,0.71759397,0.93873970,0.71759397,0.69997135,7 ,true
2.43650000,0.72160061,0.93916403,0.72160061,0.70432418,7 ,true
2.43700000,0.72558739,0.93957599,0.72558739,0.70862987,7 ,true
2.43750000,0.72955479,0.93997595,0.72955479,0.71288942,7 ,true
2.43800000,0.73350328,0.94036430,0.73350328,0.71710381,7 ,true
2.43850000,0.73743330,0.94074139,0.73743330,0.72127398,7 ,true
2.43900000,0.74134529,0.94110756,0.74134529,0.72540085,7 ,true
2.43950000,0.74523965,0.94146316,0.74523965,0.72948529,7 ,true
2.44000000,0.74911679,0.94180851,0.74911679,0.73352816,7 ,true
2.44050000,0.75297711,0.94214389,0.75297711,0.73753026,7 ,true
2.44100000,0.75682096,0.94246963,0.75682096,0.74149240,7 ,true
2.44150000,0.76064872,0.94278599,0.76064872,0.74541535,7 ,true
2.44200000,0.76446073,0.94309326,0.76446073,0.74929984,7 ,true
2.44250000,0.76825734,0.94339169,0.76825734,0.75314661,7 ,true
2.44300000,0.77203887,0.94368155,0.77203887,0.75695634,7 ,true
2.44350000,0.77580565,0.94396307,0.77580565,0.76072971,7 ,true
2.44400000,0.77955797,0.94423650,0.77955797,0.76446739,7 ,true
2.44450000,0.78329614,0.94450207,0.78329614,0.76817000,7 ,true
2.44500000,0.78702046,0.94475998,0.78702046,0.77183816,7 ,true
2.44550000,0.79073119,0.94501046,0.79073119,0.77547248,7 ,true
2.44600000,0.79442862,0.94525371,0.79442862,0.77907352,7 ,true
2.44650000,0.79811300,0.94548993,0.79811300,0.78264187,7 ,true
2.44700000,0.80178459,0.94571931,0.80178459,0.78617806,7 ,true
2.44750000,0.80544365,0.94594204,0.80544365,0.78968262,7 ,true
2.44800000,0.80909041,0.94615830,0.80909041,0.79315608,7 ,true
2.44850000,0.81272512,0.94636825,0.81272512,0.79659894,7 ,true
2.44900000,0.81634799,0.94657206,0.81634799,0.80001169,7 ,true
2.44950000,0.81995925,0.94676991,0.81995925,0.80339481,7 ,true
2.45000000,0.82355912,0.94696194,0.82355912,0.80674875,7 ,true
2.45050000,0.29905127,0.75214706,0.29905127,-0.09072889,8 ,true
2.45100000,0.34153911,0.78066046,0.34153911,-0.01509251,8 ,true
2.45150000,0.37162988,0.79938480,0.37162988,0.03748322,8 ,true
2.45200000,0.39588099,0.81358328,0.39588099,0.07919237,8 ,true
2.45250000,0.41661109,0.82508916,0.41661109,0.11434196,8 ,true
2.45300000,0.43494281,0.83478110,0.43494281,0.14501678,8 ,true
2.45350000,0.45151561,0.84315573,0.45151561,0.17240437,8 ,true
2.45400000,0.46673261,0.85052411,0.46673261,0.19725364,8 ,true
2.45450000,0.48086638,0.85709543,0.48086638,0.22007120,8 ,true
2.45500000,0.49411093,0.86301784,0.49411093,0.24121785,8 ,true
2.45550000,0.50660989,0.86840054,0.50660989,0.26096087,8 ,true
2.45600000,0.51847298,0.87332659,0.51847298,0.27950457,8 ,true
2.45650000,0.52978614,0.87786079,0.52978614,0.29700907,8 ,true
2.45700000,0.54061810,0.88205477,0.54061810,0.31360257,8 ,true
2.45750000,0.55102482,0.88595043,0.55102482,0.32938952,8 ,true
2.45800000,0.56105256,0.88958224,0.56105256,0.34445628,8 ,true
2.45850000,0.57074004,0.89297898,0.57074004,0.35887523,8 ,true
2.45900000,0.58012004,0.89616491,0.58012004,0.37270769,8 ,true
2.45950000,0.58922060,0.89916073,0.58922060,0.38600616,8 ,true
2.46000000,0.59806591,0.90198420,0.59806591,0.39881594,8 ,true
2.46050000,0.60667701,0.90465075,0.60667701,0.41117646,8 ,true
2.46100000,0.61507231,0.90717381,0.61507231,0.42312229,8 ,true
2.46150000,0.62326806,0.90956519,0.62326806,0.43468390,8 ,true
2.46200000,0.63127864,0.91183531,0.63127864,0.44588833,8 ,true
2.46250000,0.63911687,0.91399344,0.63911687,0.45675968,8 ,true
2.46300000,0.64679425,0.91604782,0.64679425,0.46731956,8 ,true
2.46350000,0.65432109,0.91800586,0.65432109,0.47758740,8 ,true
2.46400000,0.66170671,0.91987421,0.66170671,0.48758077,8 ,true
2.46450000,0.66895958,0.92165889,0.66895958,0.49731560,8 ,true
2.46500000,0.67608738,0.92336533,0.67608738,0.50680640,8 ,true
2.46550000,0.68309713,0.92499850,0.68309713,0.51606639,8 ,true
2.46600000,0.68999525,0.92656290,0.68999525,0.52510773,8 ,true
2.46650000,0.69678763,0.92806265,0.69678763,0.53394153,8 ,true
2.46700000,0.70347969,0.92950155,0.70347969,0.54257806,8 ,true
2.46750000,0.71007646,0.93088306,0.71007646,0.55102678,8 ,true
2.46800000,0.71658254,0.93221040,0.71658254,0.55929647,8 ,true
2.46850000,0.72300224,0.93348651,0.72300224,0.56739523,8 ,true
2.46900000,0.72933953,0.93471412,0.72933953,0.57533063,8 ,true
2.46950000,0.73559813,0.93589577,0.73559813,0.58310970,8 ,true
2.47000000,0.74178149,0.93703382,0.74178149,0.59073898,8 ,true
2.47050000,0.74789284,0.93813044,0.74789284,0.59822460,8 ,true
2.47100000,0.75393519,0.93918768,0.75393519,0.60557231,8 ,true
2.47150000,0.75991138,0.94020743,0.75991138,0.61278748,8 ,true
2.47200000,0.76582406,0.94119147,0.76582406,0.61987514,8 ,true
2.47250000,0.77167573,0.94214146,0.77167573,0.62684006,8 ,true
2.47300000,0.77746873,0.94305897,0.77746873,0.63368669,8 ,true
2.47350000,0.78320528,0.94394544,0.78320528,0.64041925,8 ,true
2.47400000,0.78888746,0.94480225,0.78888746,0.64704171,8 ,true
2.47450000,0.79451724,0.94563070,0.79451724,0.65355782,8 ,true
2.47500000,0.80009648,0.94643199,0.80009648,0.65997115,8 ,true
2.47550000,0.80562696,0.94720727,0.80562696,0.66628506,8 ,true
2.47600000,0.81111034,0.94795762,0.81111034,0.67250274,8 ,true
2.47650000,0.81654821,0.94868407,0.81654821,0.67862722,8 ,true
2.47700000,0.82194208,0.94938757,0.82194208,0.68466138,8 ,true
2.47750000,0.82729337,0.95006903,0.82729337,0.69060795,8 ,true
2.47800000,0.83260344,0.95072933,0.83260344,0.69646954,8 ,true
2.47850000,0.83787361,0.95136928,0.83787361,0.70224864,8 ,true
2.47900000,0.84310509,0.95198966,0.84310509,0.70794759,8 ,true
2.47950000,0.84829907,0.95259121,0.84829907,0.71356867,8 ,true
2.48000000,0.85345668,0.95317462,0.85345668,0.71911403,8 ,true
2.48050000,0.85857898,0.95374057,0.85857898,0.72458572,8 ,true
2.48100000,0.86366700,0.95428968,0.86366700,0.72998572,8 ,true
2.48150000,0.86872173,0.95482257,0.86872173,0.73531592,8 ,true
2.48200000,0.87374411,0.95533980,0.87374411,0.74057811,8 ,true
2.48250000,0.87873504,0.95584193,0.87873504,0.74577403,8 ,true
2.48300000,0.88369537,0.95632948,0.88369537,0.75090534,8 ,true
2.48350000,0.88862594,0.95680295,0.88862594,0.75597362,8 ,true
2.48400000,0.89352755,0.95726282,0.89352755,0.76098042,8 ,true
2.48450000,0.89840095,0.95770954,0.89840095,0.76592719,8 ,true
2.48500000,0.90324688,0.95814354,0.90324688,0.77081535,8 ,true
2.48550000,0.90806603,0.95856526,0.90806603,0.77564625,8 ,true
2.48600000,0.91285910,0.95897508,0.91285910,0.78042121,8 ,true
2.48650000,0.91762673,0.95937339,0.91762673,0.78514147,8 ,true
2.48700000,0.92236955,0.95976056,0.92236955,0.78980826,8 ,true
2.48750000,0.92708816,0.96013693,0.92708816,0.79442273,8 ,true
2.48800000,0.93178315,0.96050285,0.93178315,0.79898601,8 ,true
2.48850000,0.93645507,0.96085864,0.93645507,0.80349920,8 ,true
2.48900000,0.94110448,0.96120461,0.94110448,0.80796333,8 ,true
2.48950000,0.94573188,0.96154106,0.94573188,0.81237942,8 ,true
2.49000000,0.95033780,0.96186828,0.95033780,0.81674845,8 ,true
2.49050000,0.95492271,0.96218654,0.95492271,0.82107137,8 ,true
2.49100000,0.95948708,0.96249610,0.95948708,0.82534907,8 ,true
2.49150000,0.96403138,0.96279723,0.96403138,0.82958246,8 ,true
2.49200000,0.96855604,0.96309017,0.96855604,0.83377238,8 ,true
2.49250000,0.97306149,0.96337515,0.97306149,0.83791966,8 ,true
2.49300000,0.97754814,0.96365241,0.97754814,0.84202510,8 ,true
2.49350000,0.98201638,0.96392215,0.98201638,0.84608948,8 ,true
2.49400000,0.98646662,0.96418461,0.98646662,0.85011354,8 ,true
2.49450000,0.99089921,0.96443997,0.99089921,0.85409803,8 ,true
2.49500000,0.99531453,0.96468844,0.99531453,0.85804364,8 ,true
2.49550000,0.99971292,0.96493020,0.99971292,0.86195106,8 ,true
2.49600000,1.00409473,0.96516544,1.00409473,0.86582096,8 ,true
2.49650000,1.00846029,0.96539434,1.00846029,0.86965398,8 ,true
2.49700000,1.01280992,0.96561707,1.01280992,0.87345075,8 ,true
2.49750000,1.01714392,0.96583378,1.01714392,0.87721188,8 ,true
2.49800000,1.02146262,0.96604465,1.02146262,0.88093795,8 ,true
2.49850000,1.02576628,0.96624983,1.02576628,0.88462956,8 ,true
2.49900000,1.03005522,0.96644946,1.03005522,0.88828724,8 ,true
2.49950000,1.03432969,0.96664370,1.03432969,0.89191155,8 ,true
2.50000000,1.03858997,0.96683267,1.03858997,0.89550302,8 ,true
2.50050000,0.35611418,0.69583858,0.35611418,-0.19584370,9 ,true
2.50100000,0.40691718,0.72856524,0.40691718,-0.11022784,9 ,true
2.50150000,0.44278153,0.75017520,0.44278153,-0.05093945,9 ,true
2.50200000,0.47160825,0.76663823,0.47160825,-0.00404784,9 ,true
2.50250000,0.49619188,0.78003591,0.49619188,0.03536596,9 ,true
2.50300000,0.51788569,0.79136667,0.51788569,0.06968226,9 ,true
2.50350000,0.53746057,0.80119507,0.53746057,0.10025658,9 ,true
2.50400000,0.55540251,0.80987491,0.55540251,0.12794350,9 ,true
2.50450000,0.57204015,0.81764417,0.57204015,0.15332097,9 ,true
2.50500000,0.58760736,0.82467146,0.58760736,0.17680044,9 ,true
2.50550000,0.60227733,0.83108108,0.60227733,0.19868665,9 ,true
2.50600000,0.61618228,0.83696761,0.61618228,0.21921243,9 ,true
2.50650000,0.62942582,0.84240486,0.62942582,0.23856023,9 ,true
2.50700000,0.64209077,0.84745164,0.64209077,0.25687606,9 ,true
2.50750000,0.65424460,0.85215570,0.65424460,0.27427882,9 ,true
2.50800000,0.66594301,0.85655634,0.66594301,0.29086682,9 ,true
2.50850000,0.67723267,0.86068636,0.67723267,0.30672241,9 ,true
2.50900000,0.68815306,0.86457345,0.68815306,0.32191533,9 ,true
2.50950000,0.69873794,0.86824119,0.69873794,0.33650524,9 ,true
2.51000000,0.70901646,0.87170990,0.70901646,0.35054366,9 ,true
2.51050000,0.71901393,0.87499715,0.71901393,0.36407537,9 ,true
2.51100000,0.72875252,0.87811830,0.72875252,0.37713963,9 ,true
2.51150000,0.73825178,0.88108684,0.73825178,0.38977102,9 ,true
2.51200000,0.74752902,0.88391468,0.74752902,0.40200024,9 ,true
2.51250000,0.75659967,0.88661240,0.75659967,0.41385463,9 ,true
2.51300000,0.76547753,0.88918946,0.76547753,0.42535867,9 ,true
2.51350000,0.77417502,0.89165431,0.77417502,0.43653441,9 ,true
2.51400000,0.78270336,0.89401459,0.78270336,0.44740176,9 ,true
2.51450000,0.79107270,0.89627716,0.79107270,0.45797875,9 ,true
2.51500000,0.79929229,0.89844828,0.79929229,0.46828180,9 ,true
2.51550000,0.80737055,0.90053362,0.80737055,0.47832591,9 ,true
2.51600000,0.81531520,0.90253836,0.81531520,0.48812480,9 ,true
2.51650000,0.82313332,0.90446723,0.82313332,0.49769106,9 ,true
2.51700000,0.83083141,0.90632458,0.83083141,0.50703630,9 ,true
2.51750000,0.83841550,0.90811440,0.83841550,0.51617121,9 ,true
2.51800000,0.84589113,0.90984037,0.84589113,0.52510570,9 ,true
2.51850000,0.85326346,0.91150589,0.85326346,0.53384894,9 ,true
2.51900000,0.86053726,0.91311411,0.86053726,0.54240947,9 ,true
2.51950000,0.86771698,0.91466795,0.86771698,0.55079520,9 ,true
2.52000000,0.87480677,0.91617010,0.87480677,0.55901355,9 ,true
2.52050000,0.88181049,0.91762311,0.88181049,0.56707142,9 ,true
2.52100000,0.88873177,0.91902931,0.88873177,0.57497528,9 ,true
2.52150000,0.89557399,0.92039090,0.89557399,0.58273119,9 ,true
2.52200000,0.90234034,0.92170993,0.90234034,0.59034485,9 ,true
2.52250000,0.90903381,0.92298833,0.90903381,0.59782158,9 ,true
2.52300000,0.91565720,0.92422789,0.91565720,0.60516644,9 ,true
2.52350000,0.92221317,0.92543031,0.92221317,0.61238415,9 ,true
2.52400000,0.92870422,0.92659718,0.92870422,0.61947920,9 ,true
2.52450000,0.93513270,0.92772998,0.93513270,0.62645580,9 ,true
2.52500000,0.94150085,0.92883014,0.94150085,0.63331797,9 ,true
2.52550000,0.94781077,0.92989898,0.94781077,0.64006948,9 ,true
2.52600000,0.95406448,0.93093776,0.95406448,0.64671393,9 ,true
2.52650000,0.96026386,0.93194766,0.96026386,0.65325471,9 ,true
2.52700000,0.96641071,0.93292980,0.96641071,0.65969507,9 ,true
2.52750000,0.97250676,0.93388525,0.97250676,0.66603808,9 ,true
2.52800000,0.97855362,0.93481502,0.97855362,0.67228666,9 ,true
2.52850000,0.98455286,0.93572006,0.98455286,0.67844360,9 ,true
2.52900000,0.99050593,0.93660128,0.99050593,0.68451156,9 ,true
2.52950000,0.99641427,0.93745953,0.99641427,0.69049306,9 ,true
2.53000000,1.00227919,0.93829565,1.00227919,0.69639053,9 ,true
2.53050000,1.00810200,0.93911041,1.00810200,0.70220628,9 ,true
2.53100000,1.01388392,0.93990455,1.01388392,0.70794251,9 ,true
2.53150000,1.01962612,0.94067878,1.01962612,0.71360134,9 ,true
2.53200000,1.02532972,0.94143377,1.02532972,0.71918480,9 ,true
2.53250000,1.03099580,0.94217018,1.03099580,0.72469483,9 ,true
2.53300000,1.03662540,0.94288861,1.03662540,0.73013327,9 ,true
2.53350000,1.04221949,0.94358966,1.04221949,0.73550192,9 ,true
2.53400000,1.04777903,0.94427388,1.04777903,0.74080249,9 ,true
2.53450000,1.05330492,0.94494182,1.05330492,0.74603662,9 ,true
2.53500000,1.05879805,0.94559398,1.05879805,0.75120589,9 ,true
2.53550000,1.06425925,0.94623086,1.06425925,0.75631182,9 ,true
2.53600000,1.06968933,0.94685294,1.06968933,0.76135588,9 ,true
2.53650000,1.07508907,0.94746066,1.07508907,0.76633947,9 ,true
2.53700000,1.08045922,0.94805446,1.08045922,0.77126394,9 ,true
2.53750000,1.08580050,0.94863475,1.08580050,0.77613060,9 ,true
2.53800000,1.09111360,0.94920195,1.09111360,0.78094071,9 ,true
2.53850000,1.09639919,0.94975642,1.09639919,0.78569548,9 ,true
2.53900000,1.10165793,0.95029855,1.10165793,0.79039609,9 ,true
2.53950000,1.10689042,0.95082867,1.10689042,0.79504367,9 ,true
2.54000000,1.11209729,0.95134715,1.11209729,0.79963930,9 ,true
2.54050000,1.11727909,0.95185430,1.11727909,0.80418405,9 ,true
2.54100000,1.12243641,0.95235044,1.12243641,0.80867893,9 ,true
2.54150000,1.12756978,0.95283588,1.12756978,0.81312493,9 ,true
2.54200000,1.13267972,0.95331091,1.13267972,0.81752300,9 ,true
2.54250000,1.13776675,0.95377581,1.13776675,0.82187408,9 ,true
2.54300000,1.14283135,0.95423086,1.14283135,0.82617904,9 ,true
2.54350000,1.14787400,0.95467631,1.14787400,0.83043876,9 ,true
2.54400000,1.15289517,0.95511243,1.15289517,0.83465408,9 ,true
2.54450000,1.15789529,0.95553945,1.15789529,0.83882580,9 ,true
2.54500000,1.16287480,0.95595762,1.16287480,0.84295473,9 ,true
2.54550000,1.16783412,0.95636716,1.16783412,0.84704161,9 ,true
2.54600000,1.17277366,0.95676830,1.17277366,0.85108720,9 ,true
2.54650000,1.17769381,0.95716124,1.17769381,0.85509221,9 ,true
2.54700000,1.18259495,0.95754619,1.18259495,0.85905735,9 ,true
2.54750000,1.18747745,0.95792336,1.18747745,0.86298328,9 ,true
2.54800000,1.19234168,0.95829293,1.19234168,0.86687068,9 ,true
2.54850000,1.19718798,0.95865509,1.19718798,0.87072018,9 ,true
2.54900000,1.20201669,0.95901003,1.20201669,0.87453240,9 ,true
2.54950000,1.20682816,0.95935791,1.20682816,0.87830794,9 ,true
2.55000000,0.05278796,0.32989656,0.05278796,-0.92537855,10 ,true
2.55050000,0.37507577,0.59516029,0.37507577,-0.37160151,10 ,true
2.55100000,0.42997465,0.63155780,0.42997465,-0.28330293,10 ,true
2.55150000,0.46872389,0.65584650,0.46872389,-0.22219938,10 ,true
2.55200000,0.49985273,0.67450591,0.49985273,-0.17391058,10 ,true
2.55250000,0.52638259,0.68980238,0.52638259,-0.13335442,10 ,true
2.55300000,0.54977812,0.70282529,0.54977812,-0.09807038,10 ,true
2.55350000,0.57087426,0.71419170,0.57087426,-0.06665676,10 ,true
2.55400000,0.59019774,0.72428885,0.59019774,-0.03822960,10 ,true
2.55450000,0.60810486,0.73337757,0.60810486,-0.01219104,10 ,true
2.55500000,0.62484934,0.74164286,0.62484934,0.01188465,10 ,true
2.55550000,0.64061909,0.74922126,0.64061909,0.03431278,10 ,true
2.55600000,0.65555764,0.75621676,0.65555764,0.05533429,10 ,true
2.55650000,0.66977745,0.76271060,0.66977745,0.07513797,10 ,true
2.55700000,0.68336848,0.76876759,0.68336848,0.09387491,10 ,true
2.55750000,0.69640398,0.77444037,0.69640398,0.11166815,10 ,true
2.55800000,0.70894448,0.77977231,0.70894448,0.12861941,10 ,true
2.55850000,0.72104064,0.78479967,0.72104064,0.14481389,10 ,true
2.55900000,0.73273539,0.78955305,0.73273539,0.16032374,10 ,true
2.55950000,0.74406540,0.79405858,0.74406540,0.17521069,10 ,true
2.56000000,0.75506234,0.79833873,0.75506234,0.18952803,10 ,true
2.56050000,0.76575371,0.80241302,0.76575371,0.20332207,10 ,true
2.56100000,0.77616361,0.80629848,0.77616361,0.21663342,10 ,true
2.56150000,0.78631328,0.81001010,0.78631328,0.22949784,10 ,true
2.56200000,0.79622154,0.81356112,0.79622154,0.24194708,10 ,true
2.56250000,0.80590514,0.81696334,0.80590514,0.25400939,10 ,true
2.56300000,0.81537909,0.82022727,0.81537909,0.26571010,10 ,true
2.56350000,0.82465690,0.82336236,0.82465690,0.27707200,10 ,true
2.56400000,0.83375074,0.82637712,0.83375074,0.28811564,10 ,true
2.56450000,0.84267166,0.82927924,0.84267166,0.29885970,10 ,true
2.56500000,0.85142970,0.83207569,0.85142970,0.30932112,10 ,true
2.56550000,0.86003401,0.83477285,0.86003401,0.31951541,10 ,true
2.56600000,0.86849298,0.83737651,0.86849298,0.32945674,10 ,true
2.56650000,0.87681431,0.83989199,0.87681431,0.33915812,10 ,true
2.56700000,0.88500507,0.84232416,0.88500507,0.34863154,10 ,true
2.56750000,0.89307180,0.84467753,0.89307180,0.35788804,10 ,true
2.56800000,0.90102052,0.84695622,0.90102052,0.36693786,10 ,true
2.56850000,0.90885684,0.84916408,0.90885684,0.37579048,10 ,true
2.56900000,0.91658594,0.85130466,0.91658594,0.38445469,10 ,true
2.56950000,0.92421266,0.85338124,0.92421266,0.39293869,10 ,true
2.57000000,0.93174150,0.85539689,0.93174150,0.40125013,10 ,true
2.57050000,0.93917667,0.85735447,0.93917667,0.40939612,10 ,true
2.57100000,0.94652210,0.85925665,0.94652210,0.41738336,10 ,true
2.57150000,0.95378147,0.86110590,0.95378147,0.42521809,10 ,true
2.57200000,0.96095824,0.86290457,0.96095824,0.43290620,10 ,true
2.57250000,0.96805566,0.86465484,0.96805566,0.44045319,10 ,true
2.57300000,0.97507678,0.86635875,0.97507678,0.44786425,10 ,true
2.57350000,0.98202448,0.86801824,0.98202448,0.45514429,10 ,true
2.57400000,0.98890148,0.86963513,0.98890148,0.46229792,10 ,true
2.57450000,0.99571033,0.87121111,0.99571033,0.46932951,10 ,true
2.57500000,1.00245347,0.87274780,1.00245347,0.47624317,10 ,true
2.57550000,1.00913317,0.87424673,1.00913317,0.48304282,10 ,true
2.57600000,1.01575163,0.87570934,1.01575163,0.48973216,10 ,true
2.57650000,1.02231090,0.87713698,1.02231090,0.49631470,10 ,true
2.57700000,1.02881293,0.87853095,1.02881293,0.50279377,10 ,true
2.57750000,1.03525959,0.87989247,1.03525959,0.50917256,10 ,true
2.57800000,1.04165265,0.88122270,1.04165265,0.51545407,10 ,true
2.57850000,1.04799379,0.88252274,1.04799379,0.52164119,10 ,true
2.57900000,1.05428461,0.88379365,1.05428461,0.52773664,10 ,true
2.57950000,1.06052664,0.88503641,1.06052664,0.53374305,10 ,true
2.58000000,1.06672135,0.88625199,1.06672135,0.53966291,10 ,true
2.58050000,1.07287013,0.88744127,1.07287013,0.54549861,10 ,true
2.58100000,1.07897431,0.88860513,1.07897431,0.55125241,10 ,true
2.58150000,1.08503516,0.88974439,1.08503516,0.55692650,10 ,true
2.58200000,1.09105392,0.89085984,1.09105392,0.56252298,10 ,true
2.58250000,1.09703173,0.89195221,1.09703173,0.56804383,10 ,true
2.58300000,1.10296973,0.89302225,1.10296973,0.57349098,10 ,true
2.58350000,1.10886899,0.89407062,1.10886899,0.57886626,10 ,true
2.58400000,1.11473054,0.89509798,1.11473054,0.58417144,10 ,true
2.58450000,1.12055537,0.89610498,1.12055537,0.58940823,10 ,true
2.58500000,1.12634442,0.89709220,1.12634442,0.59457823,10 ,true
2.58550000,1.13209861,0.89806023,1.13209861,0.59968304,10 ,true
2.58600000,1.13781883,0.89900963,1.13781883,0.60472414,10 ,true
2.58650000,1.14350591,0.89994092,1.14350591,0.60970300,10 ,true
2.58700000,1.14916066,0.90085462,1.14916066,0.61462100,10 ,true
2.58750000,1.15478388,0.90175122,1.15478388,0.61947950,10 ,true
2.58800000,1.16037631,0.90263120,1.16037631,0.62427980,10 ,true
2.58850000,1.16593869,0.90349500,1.16593869,0.62902315,10 ,true
2.58900000,1.17147172,0.90434307,1.17147172,0.63371074,10 ,true
2.58950000,1.17697607,0.90517583,1.17697607,0.63834377,10 ,true
2.59000000,1.18245241,0.90599368,1.18245241,0.64292333,10 ,true
2.59050000,1.18790135,0.90679701,1.18790135,0.64745054,10 ,true
2.59100000,1.19332351,0.90758620,1.19332351,0.65192644,10 ,true
2.59150000,1.19871949,0.90836162,1.19871949,0.65635204,10 ,true
2.59200000,1.20408984,0.90912361,1.20408984,0.66072833,10 ,true
2.59250000,1.20943513,0.90987251,1.20943513,0.66505626,10 ,true
2.59300000,1.21475589,0.91060865,1.21475589,0.66933676,10 ,true
2.59350000,1.22005264,0.91133235,1.22005264,0.67357072,10 ,true
2.59400000,1.22532587,0.91204390,1.22532587,0.67775900,10 ,true
2.59450000,1.23057607,0.91274361,1.23057607,0.68190244,10 ,true
2.59500000,1.23580371,0.91343176,1.23580371,0.68600186,10 ,true
2.59550000,1.24100925,0.91410862,1.24100925,0.69005804,10 ,true
2.59600000,1.24619313,0.91477446,1.24619313,0.69407175,10 ,true
2.59650000,1.25135577,0.91542954,1.25135577,0.69804374,10 ,true
2.59700000,1.25649760,0.91607410,1.25649760,0.70197471,10 ,true
2.59750000,1.26161902,0.91670840,1.26161902,0.70586538,10 ,true
2.59800000,1.26672042,0.91733266,1.26672042,0.70971642,10 ,true
2.59850000,1.27180217,0.91794711,1.27180217,0.71352850,10 ,true
2.59900000,1.27686466,0.91855197,1.27686466,0.71730225,10 ,true
2.59950000,1.28190824,0.91914745,1.28190824,0.72103830,10 ,true
2.60000000,1.28693326,0.91973376,1.28693326,0.72473726,10 ,true
2.60050000,0.36607091,0.49119740,0.36607091,-0.57142312,11 ,true
2.60100000,0.42123780,0.52848373,0.42123780,-0.48661635,11 ,true
2.60150000,0.46018357,0.55358248,0.46018357,-0.42795051,11 ,true
2.60200000,0.49146347,0.57299580,0.49146347,-0.38161042,11 ,true
2.60250000,0.51811289,0.58900424,0.51811289,-0.34270972,11 ,true
2.60300000,0.54160474,0.60270609,0.54160474,-0.30888153,11 ,true
2.60350000,0.56277925,0.61472432,0.56277925,-0.27877710,11 ,true
2.60400000,0.58216680,0.62545038,0.58216680,-0.25154575,11 ,true
2.60450000,0.60012631,0.63514815,0.60012631,-0.22661202,11 ,true
2.60500000,0.61691344,0.64400502,0.61691344,-0.20356613,11 ,true
2.60550000,0.63271758,0.65215937,0.63271758,-0.18210456,11 ,true
2.60600000,0.64768346,0.65971670,0.64768346,-0.16199543,11 ,true
2.60650000,0.66192445,0.66675945,0.66192445,-0.14305701,11 ,true
2.60700000,0.67553129,0.67335346,0.67553129,-0.12514390,11 ,true
2.60750000,0.68857785,0.67955223,0.68857785,-0.10813769,11 ,true
2.60800000,0.70112517,0.68539988,0.70112517,-0.09194051,11 ,true
2.60850000,0.71322438,0.69093330,0.71322438,-0.07647039,11 ,true
2.60900000,0.72491875,0.69618366,0.72491875,-0.06165791,11 ,true
2.60950000,0.73624529,0.70117758,0.73624529,-0.04744371,11 ,true
2.61000000,0.74723593,0.70593797,0.74723593,-0.03377654,11 ,true
2.61050000,0.75791843,0.71048474,0.75791843,-0.02061185,11 ,true
2.61100000,0.76831709,0.71483529,0.76831709,-0.00791062,11 ,true
2.61150000,0.77845332,0.71900491,0.77845332,0.00436154,11 ,true
2.61200000,0.78834612,0.72300715,0.78834612,0.01623514,11 ,true
2.61250000,0.79801237,0.72685407,0.79801237,0.02773734,11 ,true
2.61300000,0.80746723,0.73055644,0.80746723,0.03889248,11 ,true
2.61350000,0.81672429,0.73412392,0.81672429,0.04972243,11 ,true
2.61400000,0.82579585,0.73756523,0.82579585,0.06024697,11 ,true
2.61450000,0.83469303,0.74088827,0.83469303,0.07048400,11 ,true
2.61500000,0.84342597,0.74410019,0.84342597,0.08044983,11 ,true
2.61550000,0.85200390,0.74720753,0.85200390,0.09015932,11 ,true
2.61600000,0.86043526,0.75021625,0.86043526,0.09962609,11 ,true
2.61650000,0.86872782,0.75313181,0.86872782,0.10886263,11 ,true
2.61700000,0.87688870,0.75595923,0.87688870,0.11788045,11 ,true
2.61750000,0.88492450,0.75870315,0.88492450,0.12669014,11 ,true
2.61800000,0.89284129,0.76136783,0.89284129,0.13530154,11 ,true
2.61850000,0.90064471,0.76395722,0.90064471,0.14372372,11 ,true
2.61900000,0.90833999,0.76647498,0.90833999,0.15196514,11 ,true
2.61950000,0.91593201,0.76892453,0.91593201,0.16003365,11 ,true
2.62000000,0.92342531,0.77130901,0.92342531,0.16793659,11 ,true
2.62050000,0.93082411,0.77363140,0.93082411,0.17568080,11 ,true
2.62100000,0.93813238,0.77589445,0.93813238,0.18327268,11 ,true
2.62150000,0.94535383,0.77810073,0.94535383,0.19071824,11 ,true
2.62200000,0.95249194,0.78025266,0.95249194,0.19802310,11 ,true
2.62250000,0.95954999,0.78235252,0.95954999,0.20519255,11 ,true
2.62300000,0.96653106,0.78440243,0.96653106,0.21223157,11 ,true
2.62350000,0.97343803,0.78640439,0.97343803,0.21914486,11 ,true
2.62400000,0.98027364,0.78836029,0.98027364,0.22593684,11 ,true
2.62450000,0.98704048,0.79027191,0.98704048,0.23261170,11 ,true
2.62500000,0.99374099,0.79214094,0.99374099,0.23917339,11 ,true
2.62550000,1.00037747,0.79396896,1.00037747,0.24562564,11 ,true
2.62600000,1.00695212,0.79575746,1.00695212,0.25197203,11 ,true
2.62650000,1.01346700,0.79750789,1.01346700,0.25821590,11 ,true
2.62700000,1.01992410,0.79922157,1.01992410,0.26436046,11 ,true
2.62750000,1.02632529,0.80089980,1.02632529,0.27040875,11 ,true
2.62800000,1.03267233,0.80254379,1.03267233,0.27636366,11 ,true
2.62850000,1.03896694,0.80415470,1.03896694,0.28222795,11 ,true
2.62900000,1.04521072,0.80573362,1.04521072,0.28800423,11 ,true
2.62950000,1.05140522,0.80728161,1.05140522,0.29369502,11 ,true
2.63000000,1.05755191,0.80879965,1.05755191,0.29930271,11 ,true
2.63050000,1.06365218,0.81028871,1.06365218,0.30482957,11 ,true
2.63100000,1.06970739,0.81174968,1.06970739,0.31027780,11 ,true
2.63150000,1.07571881,0.81318345,1.07571881,0.31564948,11 ,true
2.63200000,1.08168768,0.81459083,1.08168768,0.32094661,11 ,true
2.63250000,1.08761517,0.81597261,1.08761517,0.32617112,11 ,true
2.63300000,1.09350240,0.81732957,1.09350240,0.33132483,11 ,true
2.63350000,1.09935046,0.81866242,1.09935046,0.33640950,11 ,true
2.63400000,1.10516038,0.81997186,1.10516038,0.34142684,11 ,true
2.63450000,1.11093316,0.82125856,1.11093316,0.34637847,11 ,true
2.63500000,1.11666977,0.82252315,1.11666977,0.35126595,11 ,true
2.63550000,1.12237110,0.82376626,1.12237110,0.35609077,11 ,true
2.63600000,1.12803806,0.82498847,1.12803806,0.36085439,11 ,true
2.63650000,1.13367149,0.82619034,1.13367149,0.36555820,11 ,true
2.63700000,1.13927221,0.82737243,1.13927221,0.37020353,11 ,true
2.63750000,1.14484101,0.82853526,1.14484101,0.37479167,11 ,true
2.63800000,1.15037865,0.82967933,1.15037865,0.37932388,11 ,true
2.63850000,1.15588587,0.83080513,1.15588587,0.38380135,11 ,true
2.63900000,1.16136336,0.83191312,1.16136336,0.38822523,11 ,true
2.63950000,1.16681182,0.83300376,1.16681182,0.39259665,11 ,true
2.64000000,1.17223189,0.83407748,1.17223189,0.39691669,11 ,true
2.64050000,1.17762422,0.83513470,1.17762422,0.40118639,11 ,true
2.64100000,1.18298943,0.83617582,1.18298943,0.40540676,11 ,true
2.64150000,1.18832810,0.83720124,1.18832810,0.40957877,11 ,true
2.64200000,1.19364081,0.83821133,1.19364081,0.41370336,11 ,true
2.64250000,1.19892811,0.83920645,1.19892811,0.41778146,11 ,true
2.64300000,1.20419055,0.84018696,1.20419055,0.42181395,11 ,true
2.64350000,1.20942865,0.84115319,1.20942865,0.42580167,11 ,true
2.64400000,1.21464290,0.84210548,1.21464290,0.42974547,11 ,true
2.64450000,1.21983380,0.84304415,1.21983380,0.43364614,11 ,true
2.64500000,1.22500182,0.84396949,1.22500182,0.43750446,11 ,true
2.64550000,1.23014743,0.84488181,1.23014743,0.44132120,11 ,true
2.64600000,1.23527105,0.84578140,1.23527105,0.44509708,11 ,true
2.64650000,1.24037314,0.84666854,1.24037314,0.44883282,11 ,true
2.64700000,1.24545410,0.84754350,1.24545410,0.45252911,11 ,true
2.64750000,1.25051434,0.84840654,1.25051434,0.45618663,11 ,true
2.64800000,1.25555426,0.84925791,1.25555426,0.45980601,11 ,true
2.64850000,1.26057424,0.85009786,1.26057424,0.46338790,11 ,true
2.64900000,1.26557466,0.85092664,1.26557466,0.46693292,11 ,true
2.64950000,1.27055587,0.85174447,1.27055587,0.47044166,11 ,true
2.65000000,1.27551824,0.85255158,1.27551824,0.47391470,11 ,true
2.65050000,0.34688910,0.40803667,0.34688910,-0.75590501,12 ,true
2.65100000,0.40020448,0.44382990,0.40020448,-0.67773772,12 ,true
2.65150000,0.43780577,0.46804463,0.43780577,-0.62374769,12 ,true
2.65200000,0.46797735,0.48684915,0.46797735,-0.58115330,12 ,true
2.65250000,0.49366073,0.50241026,0.49366073,-0.54543347,12 ,true
2.65300000,0.51628382,0.51577242,0.51628382,-0.51439850,12 ,true
2.65350000,0.53666137,0.52752850,0.53666137,-0.48680081,12 ,true
2.65400000,0.55530774,0.53805117,0.55530774,-0.46185368,12 ,true
2.65450000,0.57257101,0.54759179,0.57257101,-0.43902508,12 ,true
2.65500000,0.58869914,0.55632885,0.58869914,-0.41793627,12 ,true
2.65550000,0.60387579,0.56439426,0.60387579,-0.39830679,12 ,true
2.65600000,0.61824127,0.57188853,0.61824127,-0.37992244,12 ,true
2.65650000,0.63190554,0.57889028,0.63190554,-0.36261542,12 ,true
2.65700000,0.64495653,0.58546227,0.64495653,-0.34625150,12 ,true
2.65750000,0.65746585,0.59165551,0.65746585,-0.33072142,12 ,true
2.65800000,0.66949266,0.59751209,0.66949266,-0.31593489,12 ,true
2.65850000,0.68108648,0.60306718,0.68108648,-0.30181634,12 ,true
2.65900000,0.69228925,0.60835051,0.69228925,-0.28830175,12 ,true
2.65950000,0.70313680,0.61338747,0.70313680,-0.27533643,12 ,true
2.66000000,0.71366004,0.61819994,0.71366004,-0.26287317,12 ,true
2.66050000,0.72388586,0.62280690,0.72388586,-0.25087094,12 ,true
2.66100000,0.73383776,0.62722495,0.73383776,-0.23929382,12 ,true
2.66150000,0.74353649,0.63146870,0.74353649,-0.22811015,12 ,true
2.66200000,0.75300039,0.63555108,0.75300039,-0.21729188,12 ,true
2.66250000,0.76224582,0.63948359,0.76224582,-0.20681402,12 ,true
2.66300000,0.77128742,0.64327652,0.77128742,-0.19665419,12 ,true
2.66350000,0.78013834,0.64693910,0.78013834,-0.18679229,12 ,true
2.66400000,0.78881046,0.65047967,0.78881046,-0.17721015,12 ,true
2.66450000,0.79731453,0.65390576,0.79731453,-0.16789131,12 ,true
2.66500000,0.80566035,0.65722421,0.80566035,-0.15882081,12 ,true
2.66550000,0.81385682,0.66044126,0.81385682,-0.14998500,12 ,true
2.66600000,0.82191211,0.66356262,0.82191211,-0.14137139,12 ,true
2.66650000,0.82983371,0.66659351,0.82983371,-0.13296850,12 ,true
2.66700000,0.83762851,0.66953873,0.83762851,-0.12476578,12 ,true
2.66750000,0.84530285,0.67240271,0.84530285,-0.11675352,12 ,true
2.66800000,0.85286261,0.67518953,0.85286261,-0.10892270,12 ,true
2.66850000,0.86031323,0.67790298,0.86031323,-0.10126499,12 ,true
2.66900000,0.86765975,0.68054656,0.86765975,-0.09377265,12 ,true
2.66950000,0.87490687,0.68312354,0.87490687,-0.08643848,12 ,true
2.67000000,0.88205896,0.68563694,0.88205896,-0.07925577,12 ,true
2.67050000,0.88912012,0.68808960,0.88912012,-0.07221824,12 ,true
2.67100000,0.89609415,0.69048416,0.89609415,-0.06532003,12 ,true
2.67150000,0.90298463,0.69282309,0.90298463,-0.05855565,12 ,true
2.67200000,0.90979493,0.69510872,0.90979493,-0.05191995,12 ,true
2.67250000,0.91652818,0.69734322,0.91652818,-0.04540807,12 ,true
2.67300000,0.92318736,0.69952863,0.92318736,-0.03901548,12 ,true
2.67350000,0.92977524,0.70166687,0.92977524,-0.03273787,12 ,true
2.67400000,0.93629448,0.70375977,0.93629448,-0.02657119,12 ,true
2.67450000,0.94274755,0.70580903,0.94274755,-0.02051163,12 ,true
2.67500000,0.94913680,0.70781627,0.94913680,-0.01455555,12 ,true
2.67550000,0.95546445,0.70978300,0.95546445,-0.00869954,12 ,true
2.67600000,0.96173262,0.71171069,0.96173262,-0.00294036,12 ,true
2.67650000,0.96794329,0.71360070,0.96794329,0.00272508,12 ,true
2.67700000,0.97409837,0.71545433,0.97409837,0.00829969,12 ,true
2.67750000,0.98019965,0.71727280,0.98019965,0.01378626,12 ,true
2.67800000,0.98624885,0.71905730,0.98624885,0.01918743,12 ,true
2.67850000,0.99224760,0.72080894,0.99224760,0.02450571,12 ,true
2.67900000,0.99819746,0.72252878,0.99819746,0.02974351,12 ,true
2.67950000,1.00409989,0.72421782,1.00409989,0.03490311,12 ,true
2.68000000,1.00995632,0.72587704,1.00995632,0.03998669,12 ,true
2.68050000,1.01576810,0.72750735,1.01576810,0.04499634,12 ,true
2.68100000,1.02153651,0.72910963,1.02153651,0.04993406,12 ,true
2.68150000,1.02726280,0.73068471,1.02726280,0.05480175,12 ,true
2.68200000,1.03294813,0.73223341,1.03294813,0.05960124,12 ,true
2.68250000,1.03859364,0.73375648,1.03859364,0.06433427,12 ,true
2.68300000,1.04420042,0.73525467,1.04420042,0.06900254,12 ,true
2.68350000,1.04976949,0.73672867,1.04976949,0.07360763,12 ,true
2.68400000,1.05530186,0.73817916,1.05530186,0.07815111,12 ,true
2.68450000,1.06079849,0.73960679,1.06079849,0.08263445,12 ,true
2.68500000,1.06626029,0.74101218,1.06626029,0.08705908,12 ,true
2.68550000,1.07168814,0.74239593,1.07168814,0.09142637,12 ,true
2.68600000,1.07708290,0.74375860,1.07708290,0.09573764,12 ,true
2.68650000,1.08244538,0.74510075,1.08244538,0.09999416,12 ,true
2.68700000,1.08777638,0.74642291,1.08777638,0.10419714,12 ,true
2.68750000,1.09307663,0.74772560,1.09307663,0.10834777,12 ,true
2.68800000,1.09834688,0.74900929,1.09834688,0.11244719,12 ,true
2.68850000,1.10358784,0.75027446,1.10358784,0.11649648,12 ,true
2.68900000,1.10880017,0.75152157,1.10880017,0.12049671,12 ,true
2.68950000,1.11398453,0.75275107,1.11398453,0.12444889,12 ,true
2.69000000,1.11914156,0.75396336,1.11914156,0.12835402,12 ,true
2.69050000,1.12427187,0.75515887,1.12427187,0.13221303,12 ,true
2.69100000,1.12937604,0.75633798,1.12937604,0.13602686,12 ,true
2.69150000,1.13445465,0.75750108,1.13445465,0.13979639,12 ,true
2.69200000,1.13950824,0.75864853,1.13950824,0.14352248,12 ,true
2.69250000,1.14453736,0.75978070,1.14453736,0.14720597,12 ,true
2.69300000,1.14954252,0.76089793,1.14954252,0.15084766,12 ,true
2.69350000,1.15452421,0.76200054,1.15452421,0.15444834,12 ,true
2.69400000,1.15948292,0.76308886,1.15948292,0.15800876,12 ,true
2.69450000,1.16441913,0.76416321,1.16441913,0.16152966,12 ,true
2.69500000,1.16933328,0.76522389,1.16933328,0.16501174,12 ,true
2.69550000,1.17422581,0.76627118,1.17422581,0.16845570,12 ,true
2.69600000,1.17909715,0.76730538,1.17909715,0.17186221,12 ,true
2.69650000,1.18394773,0.76832675,1.18394773,0.17523191,12 ,true
2.69700000,1.18877793,0.76933557,1.18877793,0.17856545,12 ,true
2.69750000,1.19358815,0.77033209,1.19358815,0.18186342,12 ,true
2.69800000,1.19837877,0.77131656,1.19837877,0.18512643,12 ,true
2.69850000,1.20315015,0.77228922,1.20315015,0.18835505,12 ,true
2.69900000,1.20790266,0.77325032,1.20790266,0.19154985,12 ,true
2.69950000,1.21263664,0.77420008,1.21263664,0.19471137,12 ,true
2.70000000,1.21735243,0.77513872,1.21735243,0.19784015,12 ,true
